Datum;Vecka;Dag;EC HBG FEU19e;EC HBG WIN19e;EC Malmö Java19e;EC Malmö Java20e;EC Malmö MVT19;EC FEU20e;HAK OPA20;HAK OPA20X;HAK OPA21;HAK PYAI1;HKR DAO;IHM DAS20;IHM GDAS19;DEV21M;FRK20G;FRK20S;FWK20G;FWK20S;TTK20G;TTK21G;MI DAN20;MI DCD20M;MI FED20m;MI FED21m;MI OLM20;MI OLM20D;MI OLM21m;MI WAN20;MI WAN21m;MI WCM20;MI WCM21;Newton .NET19n;Newton .NET20n;Newton .NET21n;Newton Java19n;Newton Java20n;Newton Java21n;Newton Krav21n;PlusHS Java19p;PlusHS Java20gbg;PlusHS Java20p;PlusHS Java21gbg;PlusHS Java21h;PlusHS Java21v;PlusHS Net20gbg;Övrigt Upptagen
2020-08-03;32;mån;;;;;;;;;;;;;;;;;;;;;;;;;;;;;;;;;;;;;;;;;;;;;;
2020-08-04;32;tis;;;;;TF;;;;;;;;;;;;;;;;;;;;;;;;;;;;;;;;;;;;;;;;;
2020-08-05;32;ons;;;;;;;;;;;;;;;;;;;;;;;;;;;;;;;;;;;;;;;;;;;;;;
2020-08-06;32;tor;;;;;TF;;;;;;;;;;;;;;;;;;;;;;;;;;;;;;;;;;;;;;;;;
2020-08-07;32;fre;;;;;;;;;;;;;;;;;;;;;;;;;;;;;;;;;;;;;;;;;;;;;;
2020-08-08;32;lör;;;;;;;;;;;;;;;;;;;;;;;;;;;;;;;;;;;;;;;;;;;;;;
2020-08-09;32;sön;;;;;;;;;;;;;;;;;;;;;;;;;;;;;;;;;;;;;;;;;;;;;;
2020-08-10;33;mån;;;;;;;;;;;;;;;;;;;;;;;;;;;;;;;;;;;;;;;;;;;;;;
2020-08-11;33;tis;;;;;;;;;;;;;;;;;;;;;;;;;;;;;;;;;;;;;;;;;;;;;;
2020-08-12;33;ons;;;;;;;;;;;;;;;;;;;;;;;;;;;;;;;;;;;;;;;;;;;;;;
2020-08-13;33;tor;;;;;BB;;;;;;;;;;;;;;;;;;;;;;;;;;;;;;;;;;;;;;;;;
2020-08-14;33;fre;;;;;;;;;;;;;;;;;;;;;;;;;;;;;;;;;;;;;;;;;;;;;;
2020-08-15;33;lör;;;;;;;;;;;;;;;;;;;;;;;;;;;;;;;;;;;;;;;;;;;;;;
2020-08-16;33;sön;;;;;;;;;;;;;;;;;;;;;;;;;;;;;;;;;;;;;;;;;;;;;;
2020-08-17;34;mån;;;;;;;;;;;;;;;;;;;;;;;;;;;;;;;;;;;;;;;;;;;;;;
2020-08-18;34;tis;;;;;BB;;;;;;;;;;;;;;;;;;;;;;;;;;;;;;;;;;;;TF;;;;;
2020-08-19;34;ons;;;;;BB;;;;;;;;;;;;;;;;;;;;;;;;;;;;;;;;;;;;;;;;;
2020-08-20;34;tor;;;;;BB;;;;;;;;;;;;;;;;;;;;;;;;;;;;;;;;;;;;CM;;;;;
2020-08-21;34;fre;;;;;;;;;;;;;;;;;;;;;;;;;;;;;;;;;;;;;;;;;;;;;;
2020-08-22;34;lör;;;;;;;;;;;;;;;;;;;;;;;;;;;;;;;;;;;;;;;;;;;;;;
2020-08-23;34;sön;;;;;;;;;;;;;;;;;;;;;;;;;;;;;;;;;;;;;;;;;;;;;;
2020-08-24;35;mån;BB d;;;;;;;;;;;;;;;;;;;;;;;;;;;;;;;;;;;;;;TF;;;;;;;
2020-08-25;35;tis;;;;;BB;;;;;;;;;;;;;;;;;;;;;;;;;;;;;;;;;;;;TF;;;;;
2020-08-26;35;ons;BB;;;;;;;;;;;;;;;;;;;;;;;;;;;;;;;;;;;;;;TF;;;;;;;
2020-08-27;35;tor;;;;;BB;;;;;;;;;;;;;;;;;;;;;;;;;;;;;;;;;;;;TF;;;;;
2020-08-28;35;fre;;;;;;;;;;;;;;;;;;;;;;;;;BB d;;;;;;;;;;;;;;;;;;;;;
2020-08-29;35;lör;;;;;;;;;;;;;;;;;;;;;;;;;;;;;;;;;;;;;;;;;;;;;;
2020-08-30;35;sön;;;;;;;;;;;;;;;;;;;;;;;;;;;;;;;;;;;;;;;;;;;;;;
2020-08-31;36;mån;CM;;AB;;;;;;;;;;;;;;;;;;;;;;;;;BB d;;;;;;;;JW;;;TF;;;;;;;
2020-09-01;36;tis;;;;;TF;;;;;;;;;;;;;;;;;;;;BB;;;;;;;;;;;JW d;;;;;CM;;;;;
2020-09-02;36;ons;CM;;AB;;;;;;;;;;;;;;;;;;;;;;BB d;;;;;;;;;;;JW d;;;TF;;;;;;;
2020-09-03;36;tor;;;;;TF;;;;;;;;;;;;;;;;;;;;;;;NH BB d;;;;;;;;;;;;;CM;;;;;
2020-09-04;36;fre;;;;;BB;;;;;;;;;;;;;;;;;;;;;;;;;;;;;;;;;;;;;;;;;
2020-09-05;36;lör;;;;;;;;;;;;;;;;;;;;;;;;;;;;;;;;;;;;;;;;;;;;;;
2020-09-06;36;sön;;;;;;;;;;;;;;;;;;;;;;;;;;;;;;;;;;;;;;;;;;;;;;
2020-09-07;37;mån;XX;;AB;;;;TF i;;;;;;;;;;;;;;;;;;;;;NH d;;;;;;;JW;BB;;;;;;;;;;
2020-09-08;37;tis;;;;;BB;;BB JW;;;;;;;;;;;;;;;;;;;;;;;;;JW ML;;;;;;;;;TF;;;;;
2020-09-09;37;ons;BB;;AB;;;;;;;;;;;;;;;;;;;;;;;;;;;;;;;;ML d;JW d;;;TF;;;;;;;
2020-09-10;37;tor;;;;;BB;;JW d;;;;;;;;;;;;;;;;;;;;;;;;;ML d;;;;;;;;;TF;;;;;
2020-09-11;37;fre;;;AB (9-12);;BB;;JW d;;;;;;;;;;;;;;;;;;NH d;;;;;;;ML d;;;ML d;;;;TF;;;;;;;
2020-09-12;37;lör;;;;;;;;;;;;;;;;;;;;;;;;;;;;;;;;;;;;;;;;;;;;;;
2020-09-13;37;sön;;;;;;;;;;;;;;;;;;;;;;;;;;;;;;;;;;;;;;;;;;;;;;
2020-09-14;38;mån;JW;;AB;;;;;;;;;;;;;;;;;;;;;;;;;;;;;;;;ML d;BB d;;;TF;;;;;;;
2020-09-15;38;tis;;;;;;;;;;;;;;;;;;;;;;;;;;;;;;;;ML d;;;;BB;;;;;TF;;;;;
2020-09-16;38;ons;JW;;AB;;;;;;;;;;;;;;;;;;;;;;;;;NH;;;;;;;ML d;BB d;;;TF;;;;;;;
2020-09-17;38;tor;;;;;BB;;JW;;;;;;;;;;;;;;;;;;NH d;;;;;;;ML d;;;;;;;;;TF;;;;;
2020-09-18;38;fre;BB;;;;TF;;JW d;;;;;;;;;;;;;;;;;;;;;NH;;;;ML d;;;ML d;;;;;;;;;;;
2020-09-19;38;lör;;;;;;;;;;;;;;;;;;;;;;;;;;;;;;;;;;;;;;;;;;;;;;
2020-09-20;38;sön;;;;;;;;;;;;;;;;;;;;;;;;;;;;;;;;;;;;;;;;;;;;;;
2020-09-21;39;mån;;;AB;;;;;;;;;;;;;;;;;;;;;;;;;NH;;;;;;;ML d;BB d;;;TF;;;;;;;
2020-09-22;39;tis;;;;;BB;;JW;;;;;;;;;;;;;;;;;;;;;;;;;ML d;;;;;;;;;TF;;;;;
2020-09-23;39;ons;;;AB;;;;;;;;;;;;;;;;;;;;;;;;;NH;;;;ML d;;;ML d;JW d;;;TF;;;;;;;
2020-09-24;39;tor;;;;;BB;;JW d;;;;;;;;;;;;;;;;;;;;;;;;;;;;ML JW;;;;;;TF;;;;;
2020-09-25;39;fre;;;AB (9-12);;;;JW d;;;;;;;;;;;;;;;;;;BB d;;;;;;;ML JW;;;;;;;;;;;;;;
2020-09-26;39;lör;;;;;;;;;;;;;;;;;;;;;;;;;;;;;;;;;;;;;;;;;;;;;;
2020-09-27;39;sön;;;;;;;;;;;;;;;;;;;;;;;;;;;;;;;;;;;;;;;;;;;;;;
2020-09-28;40;mån;;;AB;;;;;;;;;;;;;;;;;;;;;;;;;;;;;;;;;JW ML;;;TF;;;;;;;
2020-09-29;40;tis;;;;;;;NH d;;;;;BB d;;;;;;;;;;;;;TK;;;;;;;;;;;JW ML d;;;;;TF;;;;;
2020-09-30;40;ons;;;AB;;;;;;;;;BB d;;;;;;;;;;;;;;;;;;;;;;;;ML (JW);;;TF;;;;;;;
2020-10-01;40;tor;;;;;;;;;;;;;;;;;;;;;;;;;BB d;;;NH;;;;;;;;;;;;;TF;;;;;
2020-10-02;40;fre;;;;;;;JW;;;;;BB d;;;;;;;;;;;;;MN;;;;;;;;;;;;;;;;;;;;;
2020-10-03;40;lör;;;;;;;;;;;;;;;;;;;;;;;;;;;;;;;;;;;;;;;;;;;;;;
2020-10-04;40;sön;;;;;;;;;;;;;;;;;;;;;;;;;;;;;;;;;;;;;;;;;;;;;;
2020-10-05;41;mån;;;TF;;;;;;;;;;;;;;;;;;;;;;;;;BB;;;;;;;;JW;;;;;;;;;;
2020-10-06;41;tis;;;;;;;NH d;;;;;BB d;;;;;;;;;;;;;;;;;;;;;;;;;;;;;TF;;;;;
2020-10-07;41;ons;;;;;;;;;;;;BB d;;;;;;;;;;;;;;;;AB;;;;;;;;ML d;;;TF;;;;;;;
2020-10-08;41;tor;;;;;;;JW;;;;;;;;;;;;;;;;;;;;;;;;;;;;;;;;;;TF;;;;;
2020-10-09;41;fre;;;;;;;JW d;;;;;BB d;;;;;;;;;;;;;;;;;;;;;;;;;;;TF;;;;;;;
2020-10-10;41;lör;;;;;;;;;;;;;;;;;;;;;;;;;;;;;;;;;;;;;;;;;;;;;;
2020-10-11;41;sön;;;;;;;;;;;;;;;;;;;;;;;;;;;;;;;;;;;;;;;;;;;;;;
2020-10-12;42;mån;;;TF;;;;;;;;;;;;;;;;;;;;;;;;;;;;;;;;;BB d;;;JW + AS;;;;;;;
2020-10-13;42;tis;;;;;;;NH;;;;;BB d;;;;;;;;;;;;;;;;;;;;;;;;ML;;;;;TF;;;;;
2020-10-14;42;ons;;;TF + MN;;;;;;;;;BB d;;;;;;;;;;;;;;;;;;;;;;;;;;;AS;;;;;;;
2020-10-15;42;tor;;;;;;;;;;;;;;;;;;;;;;;;;BB d;;;AB d;;;;;;;;;;;;;TF;;;;;
2020-10-16;42;fre;;;JW + MN;;;;NH d;;;;;BB d;;;;;;;;;;;;;;;;;;;;;;;;;;;;;;;;;;
2020-10-17;42;lör;;;;;;;;;;;;;;;;;;;;;;;;;;;;;;;;;;;;;;;;;;;;;;
2020-10-18;42;sön;;;;;;;;;;;;;;;;;;;;;;;;;;;;;;;;;;;;;;;;;;;;;;
2020-10-19;43;mån;;;TF;;;;;;;;;;;;;;;;;;;;;;;;;AB;;;;;;;;BB;;;JW;;;;;;;
2020-10-20;43;tis;;;;;;;JW d;;;;;BB d;;;;;;;;;;;;;;;;;;;;;;;;ML d;;;;;TF;;;;;
2020-10-21;43;ons;;;TF;;;;;;;;;;;;;;;;;;;;;;;;;AB d;;;;;;;;ML d;;;AS;;;;;;;
2020-10-22;43;tor;;;;;;;JW d;;;;;;BB d;;;;;;;;;;;;;;;;;;;;;;;;;;;;TF;;;;;
2020-10-23;43;fre;;;TF d (9–12);;;;NH;;;;;;;;;;;;;;;;;;MN d;;;;;;;;;;;;;;;;;;;;;
2020-10-24;43;lör;;;;;;;;;;;;;;;;;;;;;;;;;;;;;;;;;;;;;;;;;;;;;;
2020-10-25;43;sön;;;;;;;;;;;;;;;;;;;;;;;;;;;;;;;;;;;;;;;;;;;;;;
2020-10-26;44;mån;;;TF;;;;;;;;;;BB d;;;;;;;;;;;;;;;;;;;;;;;ML d;;;AS;;;;;;;
2020-10-27;44;tis;;;;;;;JW;;;;;;;;;;;;;;;;;;MN;;;;;;;;;;;ML;;;;;TF;;;;;
2020-10-28;44;ons;;;TF;;;;;;;;;;;;;;;;;;;;;;MN d;;;;;;;;;;;;;;AS;;;;;;;
2020-10-29;44;tor;;;;;;;;;;;;;;;;;;;;;;;;;;;;;;;;;;;;;;;;;TF;;;;;
2020-10-30;44;fre;;;;;;MN[9-12                               ];JW d;;;;;;;;;;;;;;;;;;;;;;;;;;;;;;;;;;;;;;;
2020-10-31;44;lör;;;;;;;;;;;;;;;;;;;;;;;;;;;;;;;;;;;;;;;;;;;;;;
2020-11-01;44;sön;;;;;;;;;;;;;;;;;;;;;;;;;;;;;;;;;;;;;;;;;;;;;;
2020-11-02;45;mån;;;TF;;;MN[8.30-12.30                               ];;;;;;;;;;;;;;;;;;;;;;AB d;;BB d;;;;;;ML;;;AS;;;;;;;
2020-11-03;45;tis;;;;;;;JW d;;;;;;;;;;;;;;;;;;;;;;;BB + NH d;;;;;;ML d;;;;;TF;;;;;
2020-11-04;45;ons;;;TF;;;;;;;;;;;;;;;;;;;;;;;;;AB d;;;;;;;;BB d;;;AS;;;;;;;
2020-11-05;45;tor;;;;;;;JW d;;;;;;;;;;;;;;;;;;;;;;;NH d;;;;;;;;;;;TF;;;;;
2020-11-06;45;fre;;;TF;;;;NH d;;;;;;;;;;;;;;;;;;BB d;;;AB d;;;;;;;;;;;;;;;;;;
2020-11-07;45;lör;;;;;;;;;;;;;;;;;;;;;;;;;;;;;;;;;;;;;;;;;;;;;;
2020-11-08;45;sön;;;;;;;;;;;;;;;;;;;;;;;;;;;;;;;;;;;;;;;;;;;;;;
2020-11-09;46;mån;;;TF;;;MN[8.30-12.30                               ];;;;;;;BB d;;;;;;;;;;;;;;;;;NH d;;;;;;ML;;;JW;;;;;;;
2020-11-10;46;tis;;;;;;;JW d;;;;;;;;;;;;;;;;;;;;;;;NH d;;;;;;ML d;;;;;TF;;;;;
2020-11-11;46;ons;;;;;;;;;;;;;;;;;;;;;;;;;;;;;;;;;;;;ML d;;;JW;;;;;;;
2020-11-12;46;tor;;;JW;;;;;;;;;;;;;;;;;;;;;;;;;;;NH d;;;;;;;;;;;TF;;;;;
2020-11-13;46;fre;;;;;;;NH d;;;;;;;;;;;;;;;;;;BB d;;;;;;;;;;;;;;;;;;;;;
2020-11-14;46;lör;;;;;;;;;;;;;;;;;;;;;;;;;;;;;;;;;;;;;;;;;;;;;;
2020-11-15;46;sön;;;;;;;;;;;;;;;;;;;;;;;;;;;;;;;;;;;;;;;;;;;;;;
2020-11-16;47;mån;;;;;;;;;;;;;;;;;;;;;;;;;;;;;;BB[9.45–16 Peter 9–9.45                               ];;;;;;ML d + BB[9–9.45                               ];;;;;;;;;;JW[Kan inte föreläsa, ska till doktorn med barn                               ]
2020-11-17;47;tis;;;JW;;;;;;;;;;;;;;;;;;;;BB + MN;;;;;AB d;;NH d;;;;;;;;;;;TF;;;;;
2020-11-18;47;ons;;;;;;;ML d;;;;;;;;;;;;;;;;MN d;;;;;;;;;;;;;BB;;;JW;;;;;;;
2020-11-19;47;tor;;;JW;;;;ML d;;;;;;;;;;;;;;;;;;;;;;;NH d;;;;;;;;;;;TF;;;;;
2020-11-20;47;fre;;;TF;;;;ML d;;;;;;;;;;;;;;;;MN d;;;;;BB b;;;;;;;;;;;JW;;;;;;;
2020-11-21;47;lör;;;;;;;;;;;;;;;;;;;;;;;;;;;;;;;;;;;;;;;;;;;;;;
2020-11-22;47;sön;;;;;;;;;;;;;;;;;;;;;;;;;;;;;;;;;;;;;;;;;;;;;;
2020-11-23;48;mån;;;;;;;;;;;;;;;;;;;;;;;;;;;;AB + BB d;;NH d;;;;;;;;;JW;;;;;;;
2020-11-24;48;tis;;;JW;;;;ML d;;;;;;;;;;;;;;;;MN + BB d;;;;;AB + BB d;;NH d;;;;;;;;;;;;;;;;BB[Boka ej in undervisning                               ]
2020-11-25;48;ons;;;;;;;;;;;;;;;;;;;;;;;MN d;;;;;;;;;;;;;;;;JW + BB[Gästa ca 1-2h angående Agil ekonomi etc                               ];;TF;;;;;
2020-11-26;48;tor;;;;;;;;;;;;;;;;;;;;;;;;;;;;;;BB d;;;;;;;;;;;TF;;;;;
2020-11-27;48;fre;;;TF;;;;ML d;;;;;;;;;;;;;;;;MN + BB d;;;;;;;;;;;;;;;;;;;;;;;
2020-11-28;48;lör;;;;;;;;;;;;;;;;;;;;;;;;;;;;;;;;;;;;;;;;;;;;;;
2020-11-29;48;sön;;;;;;;;;;;;;;;;;;;;;;;;;;;;;;;;;;;;;;;;;;;;;;
2020-11-30;49;mån;;;;;;;;;;;;;;;;;;;;;;;;;;;;;;NH d;;;;;;;;;;;;;;;;JW[Kan inte föreläsa                               ]
2020-12-01;49;tis;;;JW;;;;ML d;;;;;;;;;;;;;;;;MN d;;;;;BB d;;NH d;;;;;;;;;;;TF;;;;;
2020-12-02;49;ons;;;;;;;;;;;;;;;;;;;;;;;MN d;;;;;BB d;;;;;;;;;;;JW;;;;;;;
2020-12-03;49;tor;;;JW;;;;ML d;;;;;;;;;;;;;;;;;;;;;;;BB d;;;;;;;;;;;TF;;;;;
2020-12-04;49;fre;;;;;;;ML d;;;;;;;;;;;;;;;;MN d;;;;;BB d;;;;;;;;;;;JW;;;;;;;
2020-12-05;49;lör;;;;;;;;;;;;;;;;;;;;;;;;;;;;;;;;;;;;;;;;;;;;;;
2020-12-06;49;sön;;;;;;;;;;;;;;;;;;;;;;;;;;;;;;;;;;;;;;;;;;;;;;
2020-12-07;50;mån;;;;;;;;;;;;;;;;;;;;;;;;;;;;BB[OBS! 8.30-9.00 Newton SYSJM2 provgenomgång                               ];;NH;;;;;;;;;JW;;;;;;;
2020-12-08;50;tis;;;JW;;;;;;;;;;;;;;;;;;;;BB + MM d;;;;;;;NH d;;;;;;;;;;;TF;;;;;
2020-12-09;50;ons;;;;;;;;;;;;;;;;;;;;;;;MN d;;;;;;;;;;;;;;;;JW;;;;;;;
2020-12-10;50;tor;;;JW;;;;ML d;;;;;;;;;;;;;;;;;;;;;;;BB d;;;;;;;;;;;TF;;;;;
2020-12-11;50;fre;;;;;;;ML + JW d;;;;;;;;;;;;;;;;BB d;;;;;;;;;;;;;;;;;;;;;;;MN[LIA-rapport kl 11.10                               ]
2020-12-12;50;lör;;;;;;;;;;;;;;;;;;;;;;;;;;;;;;;;;;;;;;;;;;;;;;
2020-12-13;50;sön;;;;;;;;;;;;;;;;;;;;;;;;;;;;;;;;;;;;;;;;;;;;;;
2020-12-14;51;mån;BB;;;;;;;;;;;;;;;;;;;;;;;;;;;;;XX (flytta?);;;;;;;;;TF;;JW;;;;;
2020-12-15;51;tis;;;JW;;;;ML d;;;;;;;;;;;;;;;;BB;;;;;;;NH d;;;;;;;;;;;;;;TF[funkar den här >dagen? flyttad från måndag                               ];;
2020-12-16;51;ons;BB;;;;;;;;;;;;;;;;;;;;;;MN d;;;;;;;;;;;;;;;;TF;;;;;;;
2020-12-17;51;tor;BB;;JW;;;;ML d;;;;;;;;;;;;;;;;;;;;;;;NH d;;;;;;;;;;;;;;TF;;
2020-12-18;51;fre;BB;;;;;;ML d;;;;;;;;;;;;;;;;MN d;;;;;;;;;;;;;;;;;;JW[Funkar den här >dagen? Flyttad från torsdag                               ];;;;;
2020-12-19;51;lör;;;;;;;;;;;;;;;;;;;;;;;;;;;;;;;;;;;;;;;;;;;;;;
2020-12-20;51;sön;;;;;;;;;;;;;;;;;;;;;;;;;;;;;;;;;;;;;;;;;;;;;;
2020-12-21;52;mån;BB[Gå igenom de egenstudier som ska göras under mellandagarna                               ];;;;;;ML d;;;;;;;;;;;;;;;;;;;;;;;;;;;;;;;;TF;;JW[Funkar den här >dagen? Flyttad från tisdag                               ];;;;;
2020-12-22;52;tis;;;;;;;ML + JW d;;;;;;;;;;;;;;BB;;;;;;;;;;;;;;;;;;;;;;;TF;;
2020-12-23;52;ons;;;;;;;;;;;;;;;;;;;;;;;;;;;;;;;;;;;;;;;;;;;;;;JW[Kan inte föreläsa t o m v1                               ]
2020-12-24;52;tor;;;;;;;;;;;;;;;;;;;;;;;;;;;;;;;;;;;;;;;;;;;;;;
2020-12-25;52;fre;;;;;;;;;;;;;;;;;;;;;;;;;;;;;;;;;;;;;;;;;;;;;;
2020-12-26;52;lör;;;;;;;;;;;;;;;;;;;;;;;;;;;;;;;;;;;;;;;;;;;;;;
2020-12-27;52;sön;;;;;;;;;;;;;;;;;;;;;;;;;;;;;;;;;;;;;;;;;;;;;;
2020-12-28;53;mån;;;;;;;;;;;;;;;;;;;;;MN;;;;;;;;;;;;;;;;;;;;;;;;;
2020-12-29;53;tis;;;;;;;;;;;;;;;;;;;;;MN;;;;;;;;;;;;;;;;;;;;;;;TF + MS;;
2020-12-30;53;ons;;;;;;;;;;;;;;;;;;;;;;;;;;;;;;;;;;;;;;;;;;;;;;
2020-12-31;53;tor;;;;;;;;;;;;;;;;;;;;;;;;;;;;;;;;;;;;;;;;;;;;;;
2021-01-01;53;fre;;;;;;;;;;;;;;;;;;;;;;;;;;;;;;;;;;;;;;;;;;;;;;
2021-01-02;53;lör;;;;;;;;;;;;;;;;;;;;;;;;;;;;;;;;;;;;;;;;;;;;;;
2021-01-03;53;sön;;;;;;;;;;;;;;;;;;;;;;;;;;;;;;;;;;;;;;;;;;;;;;
2021-01-04;1;mån;;;;;;;NH;;;;;;;;;;;;;;BB;;MN;;;;;;;MI;;;;;;;;;TF;;JW[Flyttat från tis, Handledning med barn hemma + MS                               ];;;;;
2021-01-05;1;tis;BB;;JW[Handledning med barn hemma                               ];;;;;NH;;;;;;;;;;;;;;;BB;;;;;;;MI;;;;;;;;;;;;;;ML;;TF
2021-01-06;1;ons;H;;E;L;G;D;A;G;;;;H;E;;;;;;;;L;;L;;G;;;D;;A;;G;H;;E;L;;;G;;D;;;A;;G
2021-01-07;1;tor;BB;;JW[Handledning med barn hemma                               ];;;;NH;;;;;;;;;;;;;;;;;;;;;;;MI;;;;;;;;;;;;;;ML + MS;;TF
2021-01-08;1;fre;;;;;;;;NH;;;;;;;;;;;;;;;BB;;;;;;;;;;;;;;;;TF;;JW[Flyttat från tis, Handledning med barn hemma + MS                               ];;;;;
2021-01-09;1;lör;;;;;;;;;;;;;;;;;;;;;;;;;;;;;;;;;;;;;;;;;;;;;;
2021-01-10;1;sön;;;;;;;;;;;;;;;;;;;;;;;;;;;;;;;;;;;;;;;;;;;;;;JW[Kan inte föreläsa t o m v1                               ]
2021-01-11;2;mån;BB;;;;;;NH;;;;;;;;;;;;;;;;;;;;;;;MI;;;;;ML;;;;;;MS;;;;;TF
2021-01-12;2;tis;;;XX[inställt                               ];ML;;;Bengt;NH;;;;;;;;;;;;;;;;;;JB;;;;MI;;BB;;;;;;;;;;;;MS + TF;;
2021-01-13;2;ons;;;;;;;;Bengt;;;;;;;;;;;;;BB;;NH;;;;;;;;;;;;ML;;;;TF;;MS;;;;;
2021-01-14;2;tor;;;XX[flyttad till fredag                               ];ML;;;Bengt;;;;;;;;;;;;;;;;NH;;;JB;;;;PJ;;BB;;;;;;;;;;;;MS;;TF
2021-01-15;2;fre;;;BB;;;;;Bengt;;;;;;;;;;;;;;;MS;;;;;;;;;;;;JW;;;;TF;;;;;;;
2021-01-16;2;lör;;;;;;;;;;;;;;;;;;;;;;;;;;;;;;;;;;;;;;;;;;;;;;
2021-01-17;2;sön;;;;;;;;;;;;;;;;;;;;;;;;;;;;;;;;;;;;;;;;;;;;;;JW[Sjuk + VAB - prel hela veckan                               ]
2021-01-18;3;mån;;BB[3h                               ];JW;;;;Bengt;;;;;;;;;;;;;;;;;;;JB;;;;MI;;;;;;;;;;TF;;;;;;
2021-01-19;3;tis;;;inställt[ML sjuk                               ];JW;;;;Bengt;;;;;;;;;;;;;;;NH;;;JB;;;;MI;;BB;;;;;;;;;MS;;;;;TF[möten + ML *sjuk                               ]
2021-01-20;3;ons;;;;ML;;;Bengt;;;;;;;;;;;;;;;;NH;;;;;;;;;;;;JW;;;;TF;BB;;;;MS;;
2021-01-21;3;tor;;BB[6h                               ];;;;;;Bengt;;;;;;;;;;;;;;;;;;JB;;;;PJ;;ML;;;;;;;;;JW;;;TF;;
2021-01-22;3;fre;;;;;;;Bengt;;;;;;;;;;;;;;;;MS;;;;;;;;;ML;;;JW[Behöver starta 10                               ];;;;TF;;;;;;;
2021-01-23;3;lör;;;;;;;;;;;;;;;;;;;;;;;;;;;;;;;;;;;;;;;;;;;;;;
2021-01-24;3;sön;;;;;;;;;;;;;;;;;;;;;;;;;;;;;;;;;;;;;;;;;;;;;;JW[Tandläkaren fredag - klar 10:00                               ]
2021-01-25;4;mån;;BB[6h                               ];;;;;;Bengt;;;;;;;;;;;;;;;;;;JB;;;;MI;;;;;ML;;;;;TF;;;;;;
2021-01-26;4;tis;;;ML;JW;;;Bengt;;;;;;;;;;;;;;;;NH;;;JB;;;;MI;;BB;;;;;;;;;MS;;;TF;;
2021-01-27;4;ons;;;JW;ML;;;;Bengt;;;;;;;;;;;;;;;MS;;;;;;;;;;;;;;;;BB;TF;;;;;;
2021-01-28;4;tor;;;;;;;Bengt;;;;;;;;;;;;;;;;;;;JB;;;;MI;;;;;ML;;;;;;JW;;;MS;;TF
2021-01-29;4;fre;;;;;;;;Bengt;;;;;;;;;;;;;;JB[v1,2,3,4:80                               ];MS;;;;;;;;;BB;;;JW;;;;TF;;;;;;;
2021-01-30;4;lör;;;;;;;;;;;;;;;;;;;;;;;;;;;;;;;;;;;;;;;;;;;;;;
2021-01-31;4;sön;;;;;;;;;;;;;;;;;;;;;;;;;;;;;;;;;;;;;;;;;;;;;;
2021-02-01;5;mån;;;ML;JW;;;Bengt;;;;;;;;;;;;;;;;;;;;;;;MI;;;;;;;;;;;;;;;;TF[tandhygienist kl. 13.00                               ]
2021-02-02;5;tis;;BB[6h                               ];;;;;;Bengt;;;;;;;;;;;;;;;NH;;;;;;;;;ML;;;;;;;;;JW;;;MS;;TF[semester + möte Peter 16.00                               ]
2021-02-03;5;ons;;;;;;;Bengt;;;;;;;;;;;;;;;;NH;;;;;;;MI;;ML;;;JW;;;;;BB;;;;;;TF[semester                               ]
2021-02-04;5;tor;;;JW;ML;;;;Bengt;;;;;;;;;;;;;;;;;;;;;;MI;;;;;;;;;;;MS;;;TF;;
2021-02-05;5;fre;;;;;;;Bengt;;;;;;;;;;;;;;;;MS;;;;;;;;;BB;;;ML;;;;;TF;;;;;;
2021-02-06;5;lör;;;;;;;;;;;;;;;;;;;;;;;;;;;;;;;;;;;;;;;;;;;;;;
2021-02-07;5;sön;;;;;;;;;;;;;;;;;;;;;;;;;;;;;;;;;;;;;;;;;;;;;;
2021-02-08;6;mån;;BB[6h                               ];;;;;;Bengt;;;;;;;;;;;;;;;;;;;;;;MI;;;;;JW;;;;;TF;;;;;;
2021-02-09;6;tis;;;ML;;;;Bengt;;;;;;;;;;;;;;;;NH;;;;;;;MI;;BB;;;;;;;;;JW;;;;;
2021-02-10;6;ons;;;;JW;;;;Bengt;;;;;;;;;;;;;;;MS;;;;;;;;;;;;ML;;;;;BB;;;;TF;;
2021-02-11;6;tor;;BB[4h                               ];;ML;;;Bengt;;;;;;;;;;;;;;;;;;;;;;;MI;;;;;;;;;;;JW;;;MS;;TF[semester                               ]
2021-02-12;6;fre;;;JW;;;;;Bengt;;;;;;;;;;;;;;;MS;;;;;;;MI[eg vik för 14 jan                               ];;BB;;;ML;;;;;;;;;;;TF[tandhygienist kl 10.10                               ]
2021-02-13;6;lör;;;;;;;;;;;;;;;;;;;;;;;;;;;;;;;;;;;;;;;;;;;;;;
2021-02-14;6;sön;;;;;;;;;;;;;;;;;;;;;;;;;;;;;;;;;;;;;;;;;;;;;;
2021-02-15;7;mån;;;;;;;Bengt;;;;;;;;;;;;;;;;;;;;;;;;;;;;;;;;;TF;;;;;;
2021-02-16;7;tis;;;;;;;;Bengt;;;;;;;;;;;;;;;NH;;;;;;;;;ML;;;;;;;;;JW;;;TF;;BB[Rättar examensarbeten tillsammans med UL Fia för WIN19 i HBG                               ]
2021-02-17;7;ons;;;;;;;Bengt;;;;;;;;;;;;;;;;MS;;;;;;;;;ML;;;JW;;;;;BB;;;;;;
2021-02-18;7;tor;;;;;;;;Bengt;;;;;;;;;;;;;;;;;;;;;;;;;;;;;;;;;ML;;;MS;;TF[ögonoperation 16.00                               ]
2021-02-19;7;fre;;;;;;;Bengt;;;;;;;;;;;;;;;;MS;;;;;;;;;BB;;;JW;;;;;;;;;;;TF[ögonoperation 8.30, 10.00                               ]
2021-02-20;7;lör;;;;;;;;;;;;;;;;;;;;;;;;;;;;;;;;;;;;;;;;;;;;;;
2021-02-21;7;sön;;;;;;;;;;;;;;;;;;;;;;;;;;;;;;;;;;;;;;;;;;;;;;
2021-02-22;8;mån;;;;;;;;Bengt;;;;;;;;;;;;;;;;;;;;;;;;;;;;JW;;;;TF;;;;;;BB[semester                               ]
2021-02-23;8;tis;;;;;;;Bengt;;;;;;;;;;;;;;;;NH;;;;;;;;;;;;;;;;;;ML;;;TF;;BB[semester                               ]
2021-02-24;8;ons;;;;;;;;Bengt;;;;;;;;;;;;;;;MS;;;;;;;;;;;;;JW;;;;;;;;;;BB[semester + TF *tandläkare kl 9.00                               ]
2021-02-25;8;tor;;;;;;;Bengt;;;;;;;;;;;;;;;;;;;;;;;;;;;;;ML;;;;TF[flyttad dag från onsdag, meddela i tid                               ];JW;;;MS;;BB[semester                               ]
2021-02-26;8;fre;;;;;;;;Bengt;;;;;;;;;;;;;;JB[v5,6,7,8:108                               ];MS;;;;;;;;;;;;;;;;;;;;;;;BB[semester                               ]
2021-02-27;8;lör;;;;;;;;;;;;;;;;;;;;;;;;;;;;;;;;;;;;;;;;;;;;;;
2021-02-28;8;sön;;;;;;;;;;;;;;;;;;;;;;;;;;;;;;;;;;;;;;;;;;;;;;
2021-03-01;9;mån;;;;;;;Bengt;;;;;;;;;;;;;;;;;;;JB;;;;;;;;;;JW;;;;TF;;;;;;BB[semester                               ]
2021-03-02;9;tis;;;;;;;;Bengt;;;;;;;;;;;;;;;NH;;;JB;;;;;;;;;;;;;;;ML;;;TF;;BB[semester                               ]
2021-03-03;9;ons;;;;;;;TF + JW;;;;;;;;;;;;;;;;MS;;;;;;;;;;;;;;;;;JW + TF;;;;;;BB[semester                               ]
2021-03-04;9;tor;;;;;;;;MS;;;;;;;;;;;;;;;;;;JB;;;;;;;;;;ML;;;;;JW;;;TF;;BB[semester                               ]
2021-03-05;9;fre;;;;;;;MS;;;;;;;;;;;;;;;;NH;;;;;;;;;;;;;;;;;;;;;;;BB[semester + TF *tandläkare kl 8.00                               ]
2021-03-06;9;lör;;;;;;;;;;;;;;;;;;;;;;;;;;;;;;;;;;;;;;;;;;;;;;
2021-03-07;9;sön;;;;;;;;;;;;;;;;;;;;;;;;;;;;;;;;;;;;;;;;;;;;;;
2021-03-08;10;mån;;;;;;;;MS;;;;;;;;;;;;;;;;;;JB;;;;;;;;;;JW;;;;;;;;;;
2021-03-09;10;tis;;;;;;;TF;;;;;;;;;;;;;;;;NH;;;JB;;;;;;;;;;;;;;;ML;;;BB;;
2021-03-10;10;ons;;;;;;;;TF;;;;;;;;;;;;;;;MS;;;;;;;;;;;;;ML;;;;;JW;;;;;
2021-03-11;10;tor;;;;;;;MS;;;;;;;;;;;;;;;;;;;JB;;;;;;;;;;JW;;;;;;;;BB;;
2021-03-12;10;fre;;;;;;;;JW;;;;;;;;;;;;;;;MS;;;;;;;;;;;;;;;;;;;;;;;
2021-03-13;10;lör;;;;;;;;;;;;;;;;;;;;;;;;;;;;;;;;;;;;;;;;;;;;;;
2021-03-14;10;sön;;;;;;;;;;;;;;;;;;;;;;;;;;;;;;;;;;;;;;;;;;;;;;
2021-03-15;11;mån;;;;;;;JW;;;;;;;;;;;;;;;;;;;JB;;;;;;;;;;ML;;;;;;;;;;
2021-03-16;11;tis;;;;;;;MS;JW;;;;;;;;;;;;;;;NH;;;JB;;;;;;;;;;;;;;;;;;BB;;
2021-03-17;11;ons;;;;;;;;;;;;;;;;;;;;;;;NH;;;;;;;;;;;;;;;;;;ML;;;;;
2021-03-18;11;tor;;;;;;;;MS;;;;;;;;;;;;;;;;;;JB;;;;;;;;;;JW;;;;;;;;BB;;
2021-03-19;11;fre;;;;;;;MS;;;;;;;;;;;;;;;;NH;;;;;;;;;;;;;;;;;;TF;;;;;
2021-03-20;11;lör;;;;;;;;;;;;;;;;;;;;;;;;;;;;;;;;;;;;;;;;;;;;;;
2021-03-21;11;sön;;;;;;;;;;;;;;;;;;;;;;;;;;;;;;;;;;;;;;;;;;;;;;
2021-03-22;12;mån;;;;;;;;MS;;;;;;;;;;;;;;;;;;JB;;;;;;;;;;JW;;;;;;;;;;
2021-03-23;12;tis;;;;;;;JW;;;;;;;;;;;;;;;;NH;;;JB;;;;;;;;;;;;;;;ML;;;BB;;
2021-03-24;12;ons;;;;;;;;JW;;;;;;;;;;;;;;;NH;;;;;;;;;;;;;ML;;;;;TF;;;;;
2021-03-25;12;tor;;;;;;;MS;;;;;;;;;;;;;;;;;;;JB;;;;;;;;;;ML;;;;;;;;;;TF J19-handl.
2021-03-26;12;fre;;;;;;;;MS;;;;;;;;;;;;;;;NH;;;;;;;;;;;;;;;;;;;;;BB[Flyttat från torsdag p g a Framtidsmässan i Lund                               ];;
2021-03-27;12;lör;;;;;;;;;;;;;;;;;;;;;;;;;;;;;;;;;;;;;;;;;;;;;;
2021-03-28;12;sön;;;;;;;;;;;;;;;;;;;;;;;;;;;;;;;;;;;;;;;;;;;;;;
2021-03-29;13;mån;;;;;;;MS;;;;;;;;;;;;;;;JB[v9,10,11,12:99                               ];;;;;;;;;;;;;;JW;;;;;;;;;;
2021-03-30;13;tis;;;;;;;;JW;;;;;;;;;;;;;;;NH;;;;;;;;;;;;;;;;;;TF;;;BB;;
2021-03-31;13;ons;;;;;;;MS;;;;;;;;;;;;;;;;TF;;;;;;;;;;;;;;;;;;ML;;;;;BB med SW[9–16                               ]
2021-04-01;13;tor;;;;;;;JW;MS;;;;;;;;;;;;;;;NH[Osäkert om datumet är kommunicerat med Peter                               ];;;;;;;;;;;;;ML;;;;;;;;BB;;TF J19-handl.
2021-04-02;13;fre;H;E;L;G;D;A;G;H;;;;E;L;;G;D;A;;G;;H;E;L;;G;D;;A;;G;;H;E;;L;G;;;D;A;G;;;H;;
2021-04-03;13;lör;;;;;;;;;;;;;;;;;;;;;;;;;;;;;;;;;;;;;;;;;;;;;;
2021-04-04;13;sön;;;;;;;;;;;;;;;;;;;;;;;;;;;;;;;;;;;;;;;;;;;;;;
2021-04-05;14;mån;H;E;L;G;D;A;G;H;;;;E;L;;G;D;A;;G;;H;E;L;;G;D;;A;;G;;H;E;;L;G;;;D;A;G;;;H;;E
2021-04-06;14;tis;;;;;;;JW;MS;;;;;;;;;;;;;;;NH;;;;;;;;;;;;;ML;;;;;;;;TF[rep, prel                               ];;BB[Java 20 LIA start 13-16                               ]
2021-04-07;14;ons;;;;;;;;JW;;;;;;;;;;;;;;;NH;;;;;;;;;;;;;ML;;;;;;;;TF[rep, prel                               ];;BB med SW[14–16                               ]
2021-04-08;14;tor;;;;;;;MS;;;;;;;;;;;;;;;;;;;;;;;;;;;;;JW;;;;;;;;BB;;TF J19-handl.
2021-04-09;14;fre;;;;;;;;MS;;;;;;;;;;;;;;;NH;;;;;;;;;;;;;;;;;;;;;BB;;
2021-04-10;14;lör;;;;;;;;;;;;;;;;;;;;;;;;;;;;;;;;;;;;;;;;;;;;;;
2021-04-11;14;sön;;;;;;;;;;;;;;;;;;;;;;;;;;;;;;;;;;;;;;;;;;;;;;
2021-04-12;15;mån;;;;;;;;;;;;;;;;;;;;;;;;;;;;;;;;;;;;JW;;;;;;;;;;TF J19-handl.
2021-04-13;15;tis;;;;;;;ML + BB;;;;;;;;;;;;;;;;NH;;;;;;;;;;;;;;;;;;;;;TF;;BB med SW[9–13                               ]
2021-04-14;15;ons;;;;;;;ML;;;;;;;;;;;;;;;;NH;;;;;;;;;;;;;;;;;;;;;;;
2021-04-15;15;tor;;;;;;;;;;;;;;;TF[8.30-17.00 alla tillfällen                               ];;;;;;;;;;;;;;;;;;;;;ML;;;;;;;;JW;;BB 9-11[ledningsgrupp Plus Lund                               ]
2021-04-16;15;fre;;;;;;;ML;;;;;;;;TF;;;;;;;;MS;;;;;;;;;;;;;;;;;;;;;;;BB med SW[9–13                               ]
2021-04-17;15;lör;;;;;;;;;;;;;;;;;;;;;;;;;;;;;;;;;;;;;;;;;;;;;;
2021-04-18;15;sön;;;;;;;;;;;;;;;;;;;;;;;;;;;;;;;;;;;;;;;;;;;;;;
2021-04-19;16;mån;;;;;;;;;;;;;;;;;;;;;;;;;;;;;;;;;;;;BB;;;;;;;;;;TF J19-handl.
2021-04-20;16;tis;;;;;;;ML;;;;;;;;;;;;;;;;NH;;;JB;;;;;;;;;;;;;;;;;;TF;;
2021-04-21;16;ons;;;;;;;;;;;;;;;;;;;;;;;MS;;;;;;;;;;;;;BB;;;;;;;;;;
2021-04-22;16;tor;;;;;;;ML + MS;;;;;;;;TF;;;;;;;;;;;;;;;;;;;;;BB;;;;;;;;JW;;
2021-04-23;16;fre;;;;;;;;;;;;;;;TF;;;;;;;;NH;;;;;;;;;;;;;;;;;;;;;;;BB med SW[9–13                               ]
2021-04-24;16;lör;;;;;;;;;;;;;;;;;;;;;;;;;;;;;;;;;;;;;;;;;;;;;;
2021-04-25;16;sön;;;;;;;;;;;;;;;;;;;;;;;;;;;;;;;;;;;;;;;;;;;;;;
2021-04-26;17;mån;;;;;;;;;;;;;;;;;;;;;;;;;;;;;;;;;;;;BB + MS;;;;;;;;;;TF J19-handl.
2021-04-27;17;tis;;;;;;;BB + MS;;;;;;;;;;;;;;;;NH;;;JB;;;;;;;;;;;;;;;;;;TF;;
2021-04-28;17;ons;;;;;;;BB + MS;;;;;;;;;;;;;;;;NH;;;;;;;;;;;;;;;;;;;;;;;
2021-04-29;17;tor;;;;;;;;;;;;;;;TF;;;;;;;;;;;JB;;;;;;;;;;BB;;;;;;;;JW;;
2021-04-30;17;fre;;;;;;;BB;;;;;;;;TF;;;;;;;JB[v13,14,15,16,17:89                               ];MS;;;;;;;;;;;;;;;;;;;;;;;JW m SW[9-13                               ]
2021-05-01;17;lör;;;;;;;;;;;;;;;;;;;;;;;;;;;;;;;;;;;;;;;;;;;;;;
2021-05-02;17;sön;;;;;;;;;;;;;;;;;;;;;;;;;;;;;;;;;;;;;;;;;;;;;;
2021-05-03;18;mån;;;;;;;;;;;;;;;TF[9-16 alla tillfällen utom halvdagar onsdagar                               ];;;;;;;;;;;;;;;;;;;;;MS;;;;;;;;;;
2021-05-04;18;tis;;;;;;;BB;;;;;;;;JW;;;;;;;;NH;;;;;;;;;;;;;;;;;;;;;TF;;
2021-05-05;18;ons;;;;;;;;;;;;;;;JW[9-12                               ];JW[13-16                               ];;;;;;;NH;;;;;;;;;;;;;MS;;;;;;;;;;
2021-05-06;18;tor;;;;;;;MS;;;;;;;;;TF;;;;;;;;;;JB;;;;;;;;;;BB;;;;;;;;JW;;
2021-05-07;18;fre;;;;;;;;;;;;;;;;JW;;;;;;;NH;;;;;;;;;;;;;;;;;;;;;;;BB[med SW 9–13 , TF *J19-handl.                               ]
2021-05-08;18;lör;;;;;;;;;;;;;;;;;;;;;;;;;;;;;;;;;;;;;;;;;;;;;;
2021-05-09;18;sön;;;;;;;;;;;;;;;;;;;;;;;;;;;;;;;;;;;;;;;;;;;;;;
2021-05-10;19;mån;;;;;;;BB;;;;;;;;TF;JW;;;;;;;;;;;;;;;;;;;;MS;;;;;;;;;;
2021-05-11;19;tis;;;;;;;;;;;;;;;JW;TF;;;;;;;NH;;;JB;;;;;;;;;;;;;;;;;;BB;;
2021-05-12;19;ons;;;;;;;MS;;;;;;;;JW;JW;;;;;;;NH;;;;;;;;;;;;;BB;;;;;;;;TF;;
2021-05-13;19;tor;H;E;L;G;D;A;G;H;;;;E;L;;G;D;A;;G;;H;E;L;;G;D;;A;;G;;H;E;;L;G;;;D;A;G;;;H;;E
2021-05-14;19;fre;H;E;L;G;D;A;G;H;;;;E;L;;G;D;A;;G;;H;E;L;;G;D;;A;;G;;H;E;;L;G;;;D;A;G;;;H;;E
2021-05-15;19;lör;;;;;;;;;;;;;;;;;;;;;;;;;;;;;;;;;;;;;;;;;;;;;;
2021-05-16;19;sön;;;;;;;;;;;;;;;;;;;;;;;;;;;;;;;;;;;;;;;;;;;;;;
2021-05-17;20;mån;;;;;;;BB;;;;;;;;TF;;;;;;;;NH;;;;;;;;;;;;;MS;;;;;;;;;;
2021-05-18;20;tis;;;;;;;MS;;;;;;;;JW;;;;;;;;NH;;;JB;;;;;;;BB;;;;;;;;;;;TF;;BB[9-16 Arbeta med LIA-projektet                               ]
2021-05-19;20;ons;;;;;;;;;;;;;;;JW;JW;;;;;;;TF;;;;;;;;;;BB;;;MS;;;;;;;;;;
2021-05-20;20;tor;;;;;;;MS;;;;;;;;;TF;;;;;;;;;;;;;;;;;;;;BB;;;;;;;;JW;;
2021-05-21;20;fre;;;;;;;;;;;;;;;;JW;;;;;;;MS;;;;;;;;;;BB;;;;;;;;;;;;;
2021-05-22;20;lör;;;;;;;;;;;;;;;;;;;;;;;;;;;;;;;;;;;;;;;;;;;;;;
2021-05-23;20;sön;;;;;;;;;;;;;;;;;;;;;;;;;;;;;;;;;;;;;;;;;;;;;;
2021-05-24;21;mån;;;;;;;MS;;;;;;;;TF;;;;;;;;;;;;;;;;;;;;;BB;;;;;;;;;;
2021-05-25;21;tis;;;;;;;;;;;;;;;JW;;;;;;;;NH;;;JB;;;;;;;BB;;;;;;;;;;;TF;;
2021-05-26;21;ons;;;;;;;MS;;;;;;;;JW;JW;;;;;;;;;;;;;;;;;BB;;;;;;;;;;;;;
2021-05-27;21;tor;;;;;;;;;;;;;;;;TF;;;;;;;NH;;;JB;;;;;;;BB;;;MS;;;;;;;;JW;;BB[Sista dagen med LIA-gruppen och matchboard                               ]
2021-05-28;21;fre;;;;;;;MS;;;;;;;;;JW;;;;;;JB[v18,19,20,21:63                               ];TF;;;;;;;;;;;;;;;;;;;;;;;BB[Lyssna på LIA-redovisning                               ]
2021-05-29;21;lör;;;;;;;;;;;;;;;;;;;;;;;;;;;;;;;;;;;;;;;;;;;;;;
2021-05-30;21;sön;;;;;;;;;;;;;;;;;;;;;;;;;;;;;;;;;;;;;;;;;;;;;;
2021-05-31;22;mån;;;;;;;;;;;;;;;TF;;;;;;;;;;;;;;;;;;;;;BB;;;;;;;;;;
2021-06-01;22;tis;;;;;;;MS;;;;;;;;TF;;;;;;;;NH;;;;;;;;;;BB;;;;;;;;;;;;;
2021-06-02;22;ons;;;;;;;;;;;;;;;JW;JW;;;TF;;;;NH;;;;;;;;;;;;;MS;;;;;;;;;;BB[Java19 examensarbeten                               ]
2021-06-03;22;tor;;;;;;;BB | MS;;;;;;;;;TF;;;;;;;;;;;;;;;;;;;;MS;;;;;;;;;;
2021-06-04;22;fre;;;;;;;;;;;;;;;;TF;;;;;;;NH;;;;;;;;;;BB;;;;;;;;;;;;;
2021-06-05;22;lör;;;;;;;;;;;;;;;;;;;;;;;;;;;;;;;;;;;;;;;;;;;;;;
2021-06-06;22;sön;;;;;;;;;;;;;;;;;;;;;;;;;;;;;;;;;;;;;;;;;;;;;;
2021-06-07;23;mån;;;;;;;MS;;;;;;;;;;;;TF;;;;;;;;;;;;;;;;;BB;;;;;;;;;;
2021-06-08;23;tis;;;;;;;;;;;;;;;;;;;TF;;;;NH;;;JB;;;;;;;BB;;;;;;;;;;;;;
2021-06-09;23;ons;;;;;;;MS;;;;;;;;;;TF[halvdag                               ];;TF[halvdag                               ];;;;;;;;;;;;;;BB;;;;;;;;;;;;;
2021-06-10;23;tor;;;;;;;;;;;;;;;;;TF;;;;;;NH;;;;;;;;;;;;;BB;;;;;;;;;;
2021-06-11;23;fre;;;;;;;BB;;;;;;;;;;;;;;;;NH;;;;;;;;;;;;;;;;;;;;;;;
2021-06-12;23;lör;;;;;;;;;;;;;;;;;;;;;;;;;;;;;;;;;;;;;;;;;;;;;;
2021-06-13;23;sön;;;;;;;;;;;;;;;;;;;;;;;;;;;;;;;;;;;;;;;;;;;;;;
2021-06-14;24;mån;;;;;;;;;;;;;;;;;;;;;;;;;;;;;;;;;;;;;;;;;;;;;;BB[3h särskild handledning av Sebastian W i Newton SYSJM4                               ]
2021-06-15;24;tis;;;;;;;;;;;;;;;;;;;;;;;MS;;;;;;;;;;;;;;;;;;;;;;;BB[3h särskild handledning av Sebastian W i Newton SYSJM4                               ]
2021-06-16;24;ons;;;;;;;;;;;;;;;;;;;;;;;NH;;;;;;;;;;;;;;;;;;;;;;;BB[3h särskild handledning av Sebastian W i Newton SYSJM4                               ]
2021-06-17;24;tor;;;;;;;;;;;;;;;;;;;;;;;;;;;;;;;;;;;;;;;;;;;;;;BB[3h särskild handledning av Sebastian W i Newton SYSJM4                               ]
2021-06-18;24;fre;;;;;;;;;;;;;;;;;;;;;;;NH;;;;;;;;;;;;;;;;;;;;;;;BB[3h särskild handledning av Sebastian W i Newton SYSJM4                               ]
2021-06-19;24;lör;;;;;;;;;;;;;;;;;;;;;;;;;;;;;;;;;;;;;;;;;;;;;;
2021-06-20;24;sön;;;;;;;;;;;;;;;;;;;;;;;;;;;;;;;;;;;;;;;;;;;;;;
2021-06-21;25;mån;;;;;;;;;;;;;;;;;;;;;;;;;;;;;;;;;;;;;;;;;;;;;;BB[3h särskild handledning av Sebastian W i Newton SYSJM4                               ]
2021-06-22;25;tis;;;;;;;;;;;;;;;;;;;;;;;;;;;;;;;;;;;;;;;;;;;;;;BB[3h särskild handledning av Sebastian W i Newton SYSJM4                               ]
2021-06-23;25;ons;;;;;;;;;;;;;;;;;;;;;;;;;;;;;;;;;;;;;;;;;;;;;;BB[3h särskild handledning av Sebastian W i Newton SYSJM4                               ]
2021-06-24;25;tor;;;;;;;;;;;;;;;;;;;;;;;;;;;;;;;;;;;;;;;;;;;;;;BB[3h särskild handledning av Sebastian W i Newton SYSJM4                               ]
2021-06-25;25;fre;M;I;D;S;O;M;M;A;;;;R;A;;F;T;O;;N;;M;I;D;;S;O;;M;;M;;A;R;;A;F;;;T;O;N;;;M;;I
2021-06-26;25;lör;;;;;;;;;;;;;;;;;;;;;;;;;;;;;;;;;;;;;;;;;;;;;;
2021-06-27;25;sön;;;;;;;;;;;;;;;;;;;;;;;;;;;;;;;;;;;;;;;;;;;;;;
2021-06-28;26;mån;;;;;;;;;;;;;;;;;;;;;;;;;;;;;;;;;;;;;;;;;;;;;;
2021-06-29;26;tis;;;;;;;;;;;;;;;;;;;;;;JB[v22,23,24,25,26:115                               ];;;;;;;;;;;;;;;;;;;;;;;;
2021-06-30;26;ons;;;;;;;;;;;;;;;;;;;;;;;;;;;;;;;;;;;;;;;;;;;;;;
2021-07-01;26;tor;;;;;;;;;;;;;;;;;;;;;;;;;;;;;;;;;;;;;;;;;;;;;;
2021-07-02;26;fre;;;;;;;;;;;;;;;;;;;;;;;;;;;;;;;;;;;;;;;;;;;;;;
2021-07-03;26;lör;;;;;;;;;;;;;;;;;;;;;;;;;;;;;;;;;;;;;;;;;;;;;;
2021-07-04;26;sön;;;;;;;;;;;;;;;;;;;;;;;;;;;;;;;;;;;;;;;;;;;;;;
2021-07-05;27;mån;;;;;;;;;;;;;;;;;;;;;;;;;;;;;;;;;;;;;;;;;;;;;;MS[semester                               ]
2021-07-06;27;tis;;;;;;;;;;;;;;;;;;;;;;;;;;;;;;;;;;;;;;;;;;;;;;MS[semester                               ]
2021-07-07;27;ons;;;;;;;;;;;;;;;;;;;;;;;;;;;;;;;;;;;;;;;;;;;;;;MS[semester                               ]
2021-07-08;27;tor;;;;;;;;;;;;;;;;;;;;;;;;;;;;;;;;;;;;;;;;;;;;;;MS[semester                               ]
2021-07-09;27;fre;;;;;;;;;;;;;;;;;;;;;;;;;;;;;;;;;;;;;;;;;;;;;;MS[semester                               ]
2021-07-10;27;lör;;;;;;;;;;;;;;;;;;;;;;;;;;;;;;;;;;;;;;;;;;;;;;
2021-07-11;27;sön;;;;;;;;;;;;;;;;;;;;;;;;;;;;;;;;;;;;;;;;;;;;;;
2021-07-12;28;mån;;;;;;;;;;;;;;;;;;;;;;;;;;;;;;;;;;;;;;;;;;;;;;MS[semester                               ]
2021-07-13;28;tis;;;;;;;;;;;;;;;;;;;;;;;;;;;;;;;;;;;;;;;;;;;;;;MS[semester                               ]
2021-07-14;28;ons;;;;;;;;;;;;;;;;;;;;;;;;;;;;;;;;;;;;;;;;;;;;;;MS[semester                               ]
2021-07-15;28;tor;;;;;;;;;;;;;;;;;;;;;;;;;;;;;;;;;;;;;;;;;;;;;;MS[semester                               ]
2021-07-16;28;fre;;;;;;;;;;;;;;;;;;;;;;;;;;;;;;;;;;;;;;;;;;;;;;MS[semester                               ]
2021-07-17;28;lör;;;;;;;;;;;;;;;;;;;;;;;;;;;;;;;;;;;;;;;;;;;;;;
2021-07-18;28;sön;;;;;;;;;;;;;;;;;;;;;;;;;;;;;;;;;;;;;;;;;;;;;;
2021-07-19;29;mån;;;;;;;;;;;;;;;;;;;;;;;;;;;;;;;;;;;;;;;;;;;;;;MS[semester                               ]
2021-07-20;29;tis;;;;;;;;;;;;;;;;;;;;;;;;;;;;;;;;;;;;;;;;;;;;;;MS[semester                               ]
2021-07-21;29;ons;;;;;;;;;;;;;;;;;;;;;;;;;;;;;;;;;;;;;;;;;;;;;;MS[semester                               ]
2021-07-22;29;tor;;;;;;;;;;;;;;;;;;;;;;;;;;;;;;;;;;;;;;;;;;;;;;MS[semester                               ]
2021-07-23;29;fre;;;;;;;;;;;;;;;;;;;;;;;;;;;;;;;;;;;;;;;;;;;;;;MS[semester                               ]
2021-07-24;29;lör;;;;;;;;;;;;;;;;;;;;;;;;;;;;;;;;;;;;;;;;;;;;;;
2021-07-25;29;sön;;;;;;;;;;;;;;;;;;;;;;;;;;;;;;;;;;;;;;;;;;;;;;
2021-07-26;30;mån;;;;;;;;;;;;;;;;;;;;;;;;;;;;;;;;;;;;;;;;;;;;;;
2021-07-27;30;tis;;;;;;;;;;;;;;;;;;;;;;;;;;;;;;;;;;;;;;;;;;;;;;
2021-07-28;30;ons;;;;;;;;;;;;;;;;;;;;;;;;;;;;;;;;;;;;;;;;;;;;;;
2021-07-29;30;tor;;;;;;;;;;;;;;;;;;;;;;;;;;;;;;;;;;;;;;;;;;;;;;
2021-07-30;30;fre;;;;;;;;;;;;;;;;;;;;;;;;;;;;;;;;;;;;;;;;;;;;;;
2021-07-31;30;lör;;;;;;;;;;;;;;;;;;;;;;;;;;;;;;;;;;;;;;;;;;;;;;
2021-08-01;30;sön;;;;;;;;;;;;;;;;;;;;;;;;;;;;;;;;;;;;;;;;;;;;;;
2021-08-02;31;mån;;;;;;;;;;;;;;;;;;;;;;;;;;;;;;;;;;;;;;;;;;;;;;
2021-08-03;31;tis;;;;;;;;;;;;;;;;;;;;;;;;;;;;;;;;;;;;;;;;;;;;;;
2021-08-04;31;ons;;;;;;;;;;;;;;;;;;;;;;;;;;;;;;;;;;;;;;;;;;;;;;
2021-08-05;31;tor;;;;;;;;;;;;;;;;;;;;;;;;;;;;;;;;;;;;;;;;;;;;;;
2021-08-06;31;fre;;;;;;;;;;;;;;;;;;;;;;;;;;;;;;;;;;;;;;;;;;;;;;
2021-08-07;31;lör;;;;;;;;;;;;;;;;;;;;;;;;;;;;;;;;;;;;;;;;;;;;;;
2021-08-08;31;sön;;;;;;;;;;;;;;;;;;;;;;;;;;;;;;;;;;;;;;;;;;;;;;
2021-08-09;32;mån;;;;;;;;;;;;;;;;;;;;;;;;;;;;;;;;;;;;;;;;;;;;;;
2021-08-10;32;tis;;;;;;;JW;;;;;;;;;;;;;;;;;;;;;;;;;;;;;;;;;;;;;;;
2021-08-11;32;ons;;;;;;;;;;;;;;;;;;;;;;;;;;;;;;;;;;;;;;;;;;;;;;
2021-08-12;32;tor;;;;;;;JW;;;;;;;;;;;;;;;;;;;;;;;;;;;;;;;;;;;;;;;
2021-08-13;32;fre;;;;;;;;;;;;;;;;;;;;;;;;;;;;;;;;;;;;;;;;;;;;;;
2021-08-14;32;lör;;;;;;;;;;;;;;;;;;;;;;;;;;;;;;;;;;;;;;;;;;;;;;
2021-08-15;32;sön;;;;;;;;;;;;;;;;;;;;;;;;;;;;;;;;;;;;;;;;;;;;;;
2021-08-16;33;mån;;;;;;;BB[kolla innan fakt                               ];;;;;;;;;;;;TF[med MR                               ];;;;;;;;;;;;;;BB[även Java20n                               ];;;;;;;;;;;SM;;
2021-08-17;33;tis;;;;;;;;;;;;;;;;;;;TF[med MR                               ];;;;NH;;;;;;;;;;BB[även Java20n                               ];;;;;;;;;;SM;;;
2021-08-18;33;ons;;;;;;;BB;;;;;;;;;;TF[13-16                               ];;TF[9-12                               ];;;;NH;;;;;;;;;;;;;;;;;;;;;SM;;
2021-08-19;33;tor;;;;;;;;;;;;;;MR;;TF;JW;TF[dubbelklass                               ];;;;;;;;;;;;;;;BB[även Java20n                               ];;;;;;;;;;SM;;;
2021-08-20;33;fre;;;;;;;BB;;;;;;;MR;;TF;JW;TF[dubbelklass                               ];;;;;NH;;;;;;;;;;;;;;;;;;;;;;;
2021-08-21;33;lör;;;;;;;;;;;;;;;;;;;;;;;;;;;;;;;;;;;;;;;;;;;;;;
2021-08-22;33;sön;;;;;;;;;;;;;;;;;;;;;;;;;;;;;;;;;;;;;;;;;;;;;;
2021-08-23;34;mån;;;;;;;;;;;;;;;;;;;TF;;;;;;;;;;;;;;BB[även Java20n                               ];;;;;;;;;;;SM;;
2021-08-24;34;tis;;;;;;;BB;;;;;;;;;;;;TF;;;;;;;;;;;;;;;;;BB;;;;;JW;;SM;;;
2021-08-25;34;ons;;;;;;;;;;;;;;;;;JW[13-16                               ];TF;JW[9-12                               ];;;;;;;;;;JB;;;;BB;;;;;;;;;MR;;;;
2021-08-26;34;tor;;;;;;;BB;;;;;;;MR;;TF;JW;;;;;;;;;;;;JB;;;;;;;;;;;;;;SM;;;
2021-08-27;34;fre;;;;;;;;;;;;;;MR;;TF;JW;TF[dubbelklass                               ];;;;JB[v33,34:35                               ];;;;;;;;;;;;;;;;;;;BB;;;;;
2021-08-28;34;lör;;;;;;;;;;;;;;;;;;;;;;;;;;;;;;;;;;;;;;;;;;;;;;
2021-08-29;34;sön;;;;;;;;;;;;;;;;;;;;;;;;;;;;;;;;;;;;;;;;;;;;;;
2021-08-30;35;mån;;;;;;;;;;;;;;;;;;;TF;;;;;;;;;;;;;;BB[även Java 20n                               ];;;;;;;JW;;MR;;SM;;
2021-08-31;35;tis;;;;;;;;;BB;;;;;;;;;;TF;;;;;;;;;;;;;;;;;MH;;;;;JW;;SM;;;
2021-09-01;35;ons;;;;;;;BB;;;;;;;;;;;;;;;;;;;;JB;;JB;;;;MH;;;;;;;JW;;MR;;SM;;
2021-09-02;35;tor;;;;;;;BB;;MH;;;;;MR;;TF;JW;TF[dubbelklass                               ];;;;;;;;;JB;;;;;;BB[även Java 20n                               ];;;;;;;;;;SM;;;
2021-09-03;35;fre;;;;;;;BB;;;;;;;MR;;TF;JW;TF[dubbelklass                               ];;;;;;;;;JB;;;;;;;;;;;;;;BB;;;;;
2021-09-04;35;lör;;;;;;;;;;;;;;;;;;;;;;;;;;;;;;;;;;;;;;;;;;;;;;
2021-09-05;35;sön;;;;;;;;;;;;;;;;;;;;;;;;;;;;;;;;;;;;;;;;;;;;;;
2021-09-06;36;mån;;;;;;;;;MH;;;;;;;;;;TF;;;;;;;;;;;;MI;;BB[även Java20n                               ];;;;;;;;;MR;;DM;;JW[barn                               ]
2021-09-07;36;tis;;;;;;;;;;;;;;;;;;;TF;;;;;;;;;;;;;;;;;MH;;;;JW[flyttad från måndag                               ];BB;;SM;;;
2021-09-08;36;ons;;;;;;;;;MH;;;;;;;;TF[13-16                               ];;TF[9-12                               ];;;;;;;;;;JB;;MI;;BB;;;;;;;JW;;MR;;DM;;
2021-09-09;36;tor;;;;;;;;;;;;;;MR;;TF;JW;TF[dubbelklass                               ];;;;;;;;;;;JB;;;;;;;;;;;;;;SM;;;
2021-09-10;36;fre;;;;;;;;;MH;;;;;MR;;TF;JW;TF[dubbelklass                               ];;;;;;;;;;;;;MI;;;;;;;;;;BB;;;;;
2021-09-11;36;lör;;;;;;;;;;;;;;;;;;;;;;;;;;;;;;;;;;;;;;;;;;;;;;
2021-09-12;36;sön;;;;;;;;;;;;;;;;;;;;;;;;;;;;;;;;;;;;;;;;;;;;;;
2021-09-13;37;mån;;;;;;;;;;;;;;;;;;;TF;;;;;;;;;;JB;;MI;;BB[även Java 20n                               ];;;;;;;JW;;MR;;DM;;
2021-09-14;37;tis;;;;;;;;;BB;;;;;;;;;;TF;;;;;;;;;;;;;;;;;MH;;;;;;;SM;;;
2021-09-15;37;ons;;;;;;;;;;;;;;;;;TF[13-16                               ];;TF[9-12                               ];;;;;;;;JB;;;;MI;;MH;;;;;;;JW;BB[Flytta hit från tisdag?                               ];MR;;DM;;
2021-09-16;37;tor;;;;;;;;;MH;;;;;MR;;TF;JW;TF[dubbelklass                               ];;;;;;;;;;;;;;;BB[även Java 20n                               ];;;;;;;;;;SM;;;
2021-09-17;37;fre;;;;;;;;;;;;;;MR;;TF;JW;TF[dubbelklass                               ];;;;;;;;;JB;;;;MI;;;;;;;;;;BB;;;;;
2021-09-18;37;lör;;;;;;;;;;;;;;;;;;;;;;;;;;;;;;;;;;;;;;;;;;;;;;
2021-09-19;37;sön;;;;;;;;;;;;;;;;;;;;;;;;;;;;;;;;;;;;;;;;;;;;;;
2021-09-20;38;mån;;;;;;;;;MH;;;;;;;;;;TF;;;;;;;;;;;;MI;;BB[även Java20n                               ];;;;;;;JW;;MR;;DM;;
2021-09-21;38;tis;;;;;;;;;;;;;;;;;;;TF;;;;;;;;JB;;;;;;;;;;;;;;BB (d);;SM;;;
2021-09-22;38;ons;;;;;;;;;MH;;;;;;;;TF[13-16                               ];;TF[9-12                               ];;;;;;;;;;JB;;MI;;;;;;;;;JW;BB (pl);MR;;DM;;
2021-09-23;38;tor;;;;;;;;;;;;;;MR;;TF;JW;TF[dubbelklass                               ];;;;;;;;;;;;;;;;;;BB;;;;;;;SM;;;MH[handleder Sebastian Wiberg SYSJM4 hela dagen                               ]
2021-09-24;38;fre;;;;;;;;;MH;;;;;MR;;TF;JW;TF[dubbelklass                               ];;;;;;;;;;;;;MI;;BB;;;;;;;;;;;;;
2021-09-25;38;lör;;;;;;;;;;;;;;;;;;;;;;;;;;;;;;;;;;;;;;;;;;;;;;
2021-09-26;38;sön;;;;;;;;;;;;;;;;;;;;;;;;;;;;;;;;;;;;;;;;;;;;;;
2021-09-27;39;mån;;;;;;;;;;;;;;;;;;;TF;;;;;;;;;;;;MI;;;;;;;;;JW;BB (d);MR;;DM;;
2021-09-28;39;tis;;;;;;;;;MH;;;;;;;;;;TF;;;;;;;;JB;;;;;;;;;;;BB;;;;;SM;;;
2021-09-29;39;ons;;;;;;;;;;;;;;;;;TF[13-16                               ];;TF[9-12                               ];;;;;;;;JB;;;;MI;;;;;;;;;JW;;MR;SM[13–16                               ];DM;;
2021-09-30;39;tor;;;;;;;;;MH;;;;;MR;;TF;JW;TF[dubbelklass                               ];;;;JB[v35,36,37,38,39:85                               ];;;;;;;JB;;;;;;;;;BB;;;;;SM;;;
2021-10-01;39;fre;;;;;;;;;;;;;;MR;;TF;JW;TF[dubbelklass                               ];;;;;;;;;;;;;MI;;;;;;;MH;;;BB (pl);;;;;
2021-10-02;39;lör;;;;;;;;;;;;;;;;;;;;;;;;;;;;;;;;;;;;;;;;;;;;;;
2021-10-03;39;sön;;;;;;;;;;;;;;;;;;;;;;;;;;;;;;;;;;;;;;;;;;;;;;
2021-10-04;40;mån;;;;;;;;;MH;;;;;;;;;;TF;;;;;;;;;;;;;;;;;;;;;JW;BB (d);MR;;DM;;
2021-10-05;40;tis;;;;;;;;;;;;;;;;;;;TF;;;;;;;;;;;;;;;;;;;BB;;;;;SM;;;
2021-10-06;40;ons;;;;;;;;;MH;;;;;;;;;;TF[9-12                               ];;;;;;;;;;;;;;;;;;;;;JW;BB (d);MR;SM[13–15                               ];DM;;
2021-10-07;40;tor;;;;;;;;;;;;;;MR;;TF;;TF[dubbelklass                               ];;;;;;;;;;;;;;;;;;;;BB;;;;;sjukdag;;;
2021-10-08;40;fre;;;;;;;;;MH;;;;;MR;;TF;;TF[dubbelklass                               ];;;;;;;;;;;SM (d);;;;;;;;;;;;BB (pl);;;;;
2021-10-09;40;lör;;;;;;;;;;;;;;;;;;;;;;;;;;;;;;;;;;;;;;;;;;;;;;
2021-10-10;40;sön;;;;;;;;;;;;;;;;;;;;;;;;;;;;;;;;;;;;;;;;;;;;;;
2021-10-11;41;mån;;;;;;;;;;;;;;;;;;;TF[2 tim                               ];TF;;;;;;;;;SM (pl);;;;;;;;;;;BB;JW;MR;;;;
2021-10-12;41;tis;;;;;;;;;MR;;;;;;;;;;TF[3 tim                               ];TF[3tim                               ];;;;;;;;;;;;;;;;;;BB;;;;;SM;;;
2021-10-13;41;ons;;;;;;;;;;;;;;;;;;;TF[3tim                               ];TF;;;;;;;;;;;;;;;;;;;;BB;JW ;MR;SM[13–15                               ];;;
2021-10-14;41;tor;;;;;;;;;MR;;;;;JW;;;;;;;;;;;;;;;;;;;;;;;;BB;;;;;SM;;;
2021-10-15;41;fre;;;;;;;;;;;;;;JW;;;;;;;;;;;;;;;;;;;;;;;;;;BB;;;;;;
2021-10-16;41;lör;;;;;;;;;;;;;;;;;;;;;;;;;;;;;;;;;;;;;;;;;;;;;;
2021-10-17;41;sön;;;;;;;;;;;;;;;;;;;;;;;;;;;;;;;;;;;;;;;;;;;;;;
2021-10-18;42;mån;;;;;;;;;BB[flytta från tisdag                               ];;;;;;;;;;;TF;;;;;;;;;;;MI;;;;;;;;;;JW;MR (plats);;;;
2021-10-19;42;tis;;;;;;;;;;;;;;;;;;;;TF;;;;;;;;;;;;;;;;;;BB + MH;;;;MR (plats);SM;;;
2021-10-20;42;ons;;;;;;;;;MR (d);;;;;;;;;;;TF[9-12                               ];;;;;;;;;SM (pl);;MI;;;;;;;MH;;;JW;;;;;
2021-10-21;42;tor;;;;;;;;;;;;;;JW;;;;;;;;;;;;;;;;;;;;;;;;BB + MH;;;;;SM;;;
2021-10-22;42;fre;;;;;;;;;MR (d);;;;;JW;;;;;;;;;;;;;;;SM (d);;MI;;;;;;;;;;;;;;;
2021-10-23;42;lör;;;;;;;;;;;;;;;;;;;;;;;;;;;;;;;;;;;;;;;;;;;;;;
2021-10-24;42;sön;;;;;;;;;;;;;;;;;;;;;;;;;;;;;;;;;;;;;;;;;;;;;;
2021-10-25;43;mån;;;;;;;;;;;;;;;;;;;;TF;;;;;;;;;SM (pl);;MI;;;;;;;;;;JW (pl);MR;;;;BB[semester                               ]
2021-10-26;43;tis;;;;;;;;;MR (pl);;;;;;;;;;;TF;;;;;;;;;;;;;;;;;;MH;;;;;;;;BB[semester                               ]
2021-10-27;43;ons;;;;;;;;;;;;;;;;;;;;TF[9-12                               ];;;;;;;;;;;MI;;;;;;;;;;JW;MR;;;;BB[semester                               ]
2021-10-28;43;tor;;;;;;;;;MR (d);;;;;JW;;;;;;;;;;;;;;;;;;;;;;;;MH;;;;;TF;;;BB[semester                               ]
2021-10-29;43;fre;;;;;;;;;;;;;;JW;;;;;;;;;;;;;;;;;MI;;;;;;;MH;;;;;SM (pl);;;BB[semester                               ]
2021-10-30;43;lör;;;;;;;;;;;;;;;;;;;;;;;;;;;;;;;;;;;;;;;;;;;;;;
2021-10-31;43;sön;;;;;;;;;;;;;;;;;;;;;;;;;;;;;;;;;;;;;;;;;;;;;;
2021-11-01;44;mån;;;;;;;;;;;;;;;;;;;;TF;;;;;;;;;;;MI;;;;;;;;;;JW (pl);MR;;;;BB[semester                               ]
2021-11-02;44;tis;;;;;;;;;MR (pl);;;;;;;;;;;TF;;;;;;;;;;;;;;;;;;MH;;;;;SM (pl);;;BB[semester                               ]
2021-11-03;44;ons;;;;;;;;;;;;;;;;;;;;TF[9-12                               ];;;;;;;;;SM (pl);;MI;;;;;;;;;;JW;MR;;;;BB[semester                               ]
2021-11-04;44;tor;;;;;;;;;;;;;;JW;;;;;;;;;;;;;;;;;;;;;;;;MH;;;;;SM;;;BB[semester                               ]
2021-11-05;44;fre;;;;;;;;;MR (d);;;;;JW;;;;;;;;;;;;;;;SM (d);;MI;;;;;;;;;;;;;;;BB[semester                               ]
2021-11-06;44;lör;;;;;;;;;;;;;;;;;;;;;;;;;;;;;;;;;;;;;;;;;;;;;;
2021-11-07;44;sön;;;;;;;;;;;;;;;;;;;;;;;;;;;;;;;;;;;;;;;;;;;;;;
2021-11-08;45;mån;;;;;;;;;BB (pl);;;;;;;;;;;TF;;;;;;;;;SM (pl);;MI;;;;;;;;;;JW (pl);MR (plats);;;;
2021-11-09;45;tis;;;;;;;;;;;;;;;;;;;;TF;;;;;;;;;;;;;;;;;;BB;;;;MR (plats);SM (pl);;;MH[har skola                               ]
2021-11-10;45;ons;;;;;;;;;MR (pl);;;;;;;;;;;TF[9-12                               ];;;;;;;;;;;MI;;;;;;;;;;JW;;;;;
2021-11-11;45;tor;;;;;;;;;MR (d);;;;;JW;;;;;;;;;;;;;;;;;;;;;;;;MH;;;;;TF;;;
2021-11-12;45;fre;;;;;;;;;;;;;;JW;;;;;;;;;;;;;;;;;MI;;;;;;;BB;;;;;;;;MH[har skola                               ]
2021-11-13;45;lör;;;;;;;;;;;;;;;;;;;;;;;;;;;;;;;;;;;;;;;;;;;;;;
2021-11-14;45;sön;;;;;;;;;;;;;;;;;;;;;;;;;;;;;;;;;;;;;;;;;;;;;;
2021-11-15;46;mån;;;;;;;;;BB (pl);;;;;;;;;;;TF;;;;;;;;;;;MI;;;;;;;;;;JW (pl);MR;;;;
2021-11-16;46;tis;;;;;;;;;MR (pl);;;;;;;;;;;TF;;;;;;;;;;;;;;;;;;BB;;;;;SM (pl);;;MH[har skola                               ]
2021-11-17;46;ons;;;;;;;;;;;;;;;;;;;;TF[9-12                               ];;;;;;;;;;;MI;;;;;;;;;;JW;MR;;;;
2021-11-18;46;tor;;;;;;;;;MR (pl);BB[16–19                               ];;;;JW;;;;;;;;;;;;;;;SM (d);;;;;;;;;BB;;;;;TF;;;
2021-11-19;46;fre;;;;;;;;;BB (d);;;;;JW;;;;;;;;;;;;;;;;;MI;;;;;;;;;;;;;;;MH[har skola                               ]
2021-11-20;46;lör;;;;;;;;;;;;;;;;;;;;;;;;;;;;;;;;;;;;;;;;;;;;;;
2021-11-21;46;sön;;;;;;;;;;;;;;;;;;;;;;;;;;;;;;;;;;;;;;;;;;;;;;
2021-11-22;47;mån;;;;;;;;;;;;;;;;;;;;TF;;;;;;;;;SM (pl);;MI;;;BB + MR (d);;;bb[dubbelklass                               ];;;;JW (pl);MH;;;;
2021-11-23;47;tis;;;;;;;;;MR (pl);;;;;;;;;;;TF;;;;;;;;;;;;;;;;;BB;;;;;;SM (pl);;;MH[har skola                               ]
2021-11-24;47;ons;;;;;;;;;;;;;;;;;;;;TF[9-12                               ];;;;;;;;;SM (pl);;MI;;;BB + MR;;;;;;;JW;MH;;;;
2021-11-25;47;tor;;;;;;;;;MR (d);BB[16–19                               ];;;;JW;;;;;;;;;;;;;;;;;;;;BB (d);;;bb[dubbelklass                               ];;;;;;TF;;;
2021-11-26;47;fre;;;;;;;;;;;;;;JW;;;;;;;;;;;;;;;;;MI;;;;;;;;;;;;;;;MH[har skola                               ]
2021-11-27;47;lör;;;;;;;;;;;;;;;;;;;;;;;;;;;;;;;;;;;;;;;;;;;;;;
2021-11-28;47;sön;;;;;;;;;;;;;;;;;;;;;;;;;;;;;;;;;;;;;;;;;;;;;;
2021-11-29;48;mån;;;;;;;;;;BB[öppet hus 18–19                               ];;;;;;;;;;sjuk;;;;;;;;;;;MI;;;BB + MR (d);;;bb[dubbelklass                               ];;;TF[projektstart                               ];JW (pl);MH;;;;
2021-11-30;48;tis;;;;;;;;;BB (pl);;;;;;;;;;;TF (em);;;;;;;;;;;;;;;;;MR;;;;;;TF / SM (pl);;;MH[har skola                               ]
2021-12-01;48;ons;;;;;;;;;;bengt[16–19                               ];;;;;;;;;;TF (hel);;;;;;;;;;;MI;;;MR;;;;;;BB;JW;MH;;;;
2021-12-02;48;tor;;;;;;;;;MR (pl);;;;;JW;;;;;;;;;;;;;;;;;;;;BB (d);;;bb[dubbelklass                               ];;;;;;TF / SM;;;
2021-12-03;48;fre;;;;;;;;;MR (d);;;;;JW;;;;;;;;;;;;;;;SM (d);;MI;;;;;;;;;;;;;;;MH[har skola                               ]
2021-12-04;48;lör;;;;;;;;;;;;;;;;;;;;;;;;;;;;;;;;;;;;;;;;;;;;;;
2021-12-05;48;sön;;;;;;;;;;;;;;;;;;;;;;;;;;;;;;;;;;;;;;;;;;;;;;
2021-12-06;49;mån;;;;;;;;;;;;;;;;;;;;TF;;;;;;;;;;;MI;;;MR (d);;;mr[Dubbelklass                               ];;;BB;JW (pl);MH;SM;;;
2021-12-07;49;tis;;;;;;;;;MR (pl);;;;;;;;;;;TF;;;;;;;;;SM (pl);;;;;;;;;;;;;;;BB (pl);;MH[har skola                               ]
2021-12-08;49;ons;;;;;;;;;;bengt[16–19                               ];;;;;;;;;;TF[9-12                               ];;;;;;;;;SM (pl);;MI;;;BB;;;;;;;JW;MH;;;;
2021-12-09;49;tor;;;;;;;;;MR (d);;;;;JW;;;;;;;;;;;;;;;;;;;;;;;BB;;;;;;TF (pl);;;BB[Viktigt LG-möte med Newton                               ]
2021-12-10;49;fre;;;;;;;;;;;;;;JW;;;;;;;;;;;;;;;;;MI;;;;;;;;;TF[obs flytta dag fr onsdag!                               ];;;;BB[flyttad dag                               ];;MH[har skola                               ]
2021-12-11;49;lör;;;;;;;;;;;;;;;;;;;;;;;;;;;;;;;;;;;;;;;;;;;;;;
2021-12-12;49;sön;;;;;;;;;;;;;;;;;;;;;;;;;;;;;;;;;;;;;;;;;;;;;;
2021-12-13;50;mån;;;;;;;;;MR (pl);BB[Öppet hus 18–19                               ];;;;;;;;;;TF;;;;;;;;;;;MI;;;;;;;;;BB;;(sjuk)[planera in er ersättningsdag                               ];;JW;;
2021-12-14;50;tis;;;;;;;;;MR (d);;;;;;;;;;;TF;;;;;;;;;;;;;;;;;;;;;BB[väntar besked                               ];;SM (pl);;;MH[har skola                               ]
2021-12-15;50;ons;;;;;;;;;MR (d);;;;;;;;;;;TF[9-12                               ];;;;;;;;;;;MI;;;;;;;;;;BB;(sjuk)[planera in ersättningsdagar i januari                               ];;JW (pl);;
2021-12-16;50;tor;;;;;;;;;;;;;;JW;;;;;;;;;;;;;;;;;;;;;;;;;;;;;TF;;;
2021-12-17;50;fre;;;;;;;;;;;;;;JW;;;;;;;;;;;;;;;;;MI;;;;;;;;;TF[kan bli tre                               ];BB[Flyttas hit                               ];;;;;MH[har skola                               ]
2021-12-18;50;lör;;;;;;;;;;;;;;;;;;;;;;;;;;;;;;;;;;;;;;;;;;;;;;
2021-12-19;50;sön;;;;;;;;;;;;;;;;;;;;;;;;;;;;;;;;;;;;;;;;;;;;;;
2021-12-20;51;mån;;;;;;;;;;BB[Flyttad från tors 16/12                               ];;;;;;;;;;;;;;SM;;;;;;;;;;;;;;;;TF;BB[Flyttas hit                               ];MH;;JW;;
2021-12-21;51;tis;;;;;;;BB[examensarbeten                               ];;;;;;;;;;;;;;;;;SM;;;;;;;;;;;;;;;;;;;TF (pl);;;MH[har skola                               ]
2021-12-22;51;ons;;;;;;;BB[examensarbeten                               ];;;BB[16–19                               ];;;;;;;;;;;;;;SM;;;;;;;;;;;;;;;;TF;;MH;;JW (pl);;
2021-12-23;51;tor;;;;;;;;;;;;;;;;;;;;;;;;;;;;;;;;;;;;;;;;;;;TF + SM;;;
2021-12-24;51;fre;;;;;;;;;;;;;;;;;;;;;;;;;;;;;;;;;;;;;;;;;;;;;;
2021-12-25;51;lör;;;;;;;;;;;;;;;;;;;;;;;;;;;;;;;;;;;;;;;;;;;;;;
2021-12-26;51;sön;;;;;;;;;;;;;;;;;;;;;;;;;;;;;;;;;;;;;;;;;;;;;;
2021-12-27;52;mån;;;;;;;;;;;;;;;;;;;;;;;;(självstudier);;;;;;;;;;;;;;;;;;;;;;
2021-12-28;52;tis;;;;;;;;;;;;;;;;;;;;;;;;;;;;;;;;;;;;;;;;;;;;;;
2021-12-29;52;ons;;;;;;;;;;;;;;;;;;;;;;;;;;;;;;;;;;;;;;;;;;;;;;
2021-12-30;52;tor;;;;;;;;;;;;;;;;;;;;;;;;;;;;;;;;;;;;;;;;;;;;;;
2021-12-31;52;fre;;;;;;;;;;;;;;;;;;;;;;;;;;;;;;;;;;;;;;;;;;;;;;
2022-01-01;52;lör;;;;;;;;;;;;;;;;;;;;;;;;;;;;;;;;;;;;;;;;;;;;;;
2022-01-02;52;sön;;;;;;;;;;;;;;;;;;;;;;;;;;;;;;;;;;;;;;;;;;;;;;
2022-01-03;1;mån;;;;;;;;;;;;;;;;;;;;;;;;SM;;;;;;;MI;;;;;;;;;TF + BB[9-12                               ];;MH;;JW;;BB[bortrest                               ]
2022-01-04;1;tis;;;;;;;;;;;;;;JW[flyttat fr torsdag - meddela klassen!                               ];;;;;;TF[13-17.00                               ];;;;;;;;;;;;;;;;;;;;;BB;;TF + MR;;;
2022-01-05;1;ons;;;;;;;;;;BB[16–19                               ];;;;;;;;;;;;;;SM;;;;;;;MI;;;;;;;;;TF[Sprint 3 demos                               ];;BB;MR;JW (pl);;
2022-01-06;1;tor;;;;;;;;;;;;;;;;;;;;;;;;;;;;;;;;;;;;;;;;;;;;;;HELGDAG
2022-01-07;1;fre;;;;;;;;;;;;;;JW;;;;;;TF[8.30-17.00                               ];;;;(självstudier);;;;;;;MI;;;;;;;;;;(sjuk);MH;;;;
2022-01-08;1;lör;;;;;;;;;;;;;;;;;;;;;;;;;;;;;;;;;;;;;;;;;;;;;;
2022-01-09;1;sön;;;;;;;;;;;;;;;;;;;;;;;;;;;;;;;;;;;;;;;;;;;;;;
2022-01-10;2;mån;;;;;;;;;;;;;;;;;;;;;;;;;;;;;;;MI;;mike;;;mike;;;;TF[Sprint 4 start                               ];;BB + MH;;JW;;
2022-01-11;2;tis;;;;;;;;;;;;;;;;;;;;;;;;;;;;;;;;;;;;;;;;;BB;;MR + TF;;;
2022-01-12;2;ons;;;;;;;;;;;;;;;;;;;;TF[8.30-17.00                               ];;;;;;;;;;;MI;;mike;;;mike;;;;;BB[komp för sjuk                               ];MH;;JW (pl);;
2022-01-13;2;tor;;;;;;;;;;;;;;JW;;;;;;TF[8.30-17.00                               ];;;;;;;;;;;;;;;;;;;;;BB;MH;MR;;;BB[Vaccination på em kl 14                               ]
2022-01-14;2;fre;;;;;;;;;;;;;;JW;;;;;;flyttad onsdag;;;;;;;;;;;MI;;BB[dubbelklass                               ];;;bb[dubbelklass                               ];;;;TF[Sprint 4 demos                               ];;;;;;
2022-01-15;2;lör;;;;;;;;;;;;;;;;;;;;;;;;;;;;;;;;;;;;;;;;;;;;;;
2022-01-16;2;sön;;;;;;;;;;;;;;;;;;;;;;;;;;;;;;;;;;;;;;;;;;;;;;
2022-01-17;3;mån;;;;;;;;;;;;;;;;;;;;;;;;;;;;;;;;;;;;;;BB;;;[thomas sjuk                               ];HJ;;JW;;
2022-01-18;3;tis;;;;;;;;;;;TF (pl);;;;;;;;;;;;;;;;;;;;;;;;;;;;;;BB;;MR;;;BB[examinerar ett arbete för Plus i Lund                               ]
2022-01-19;3;ons;;;;;;;;;;;;;;;;;;;;;;;;;;;;;;;;;BB;;;MR;;MH;;TF[redovisning alla grupper                               ];;;;JW (p);;
2022-01-20;3;tor;;;;;;;;;;;;;;JW;;;;;;;;;;;;;;;;;;;MR;;;BB;;;;;BB[dubbel                               ];HJ;TF;;;
2022-01-21;3;fre;;;;;;;;;;;;;;JW;;;;;;;;;;;;;;;;;;;mike;;;mike;;;;TF + BB (prel);;;;;;
2022-01-22;3;lör;;;;;;;;;;;;;;;;;;;;;;;;;;;;;;;;;;;;;;;;;;;;;;
2022-01-23;3;sön;;;;;;;;;;;;;;;;;;;;;;;;;;;;;;;;;;;;;;;;;;;;;;
2022-01-24;4;mån;;;;;;;;;;;TF (d);;;;;;;;;;;;;;;;;;;;;;;;;;;;;;BB;HJ;;JW;;
2022-01-25;4;tis;;;;;;;;;;;;;;;;;;;;;;;;;;;;;;;;;BB;;;bb[dubbelklass - light support                            ];;MH;;;TF[examensarbete                               ];;MR;;nope;BB[Mycket admin! Måste rätta och återkoppla för 2 kurser + examensarbeten                               ]
2022-01-26;4;ons;;;;;;;;;;;;;;;;;;;;;;;;;;;;;;;;;mike;;;mike;;MH;;;;;;JW;TF;BB[Läkarbesök 9–10                               ]
2022-01-27;4;tor;;;;;;;;;;;;;;JW;;;;;;;;;;;;;;;;;;;MR;;;mr[dubbelklass - light support                           ];;;;;BB;HJ;TF;;nope;
2022-01-28;4;fre;;;;;;;;;;;;;;JW;;;;;;;;;;;;;;;;;;;mike;;;mike;;BB;;;;;;;TF;TF[examen Jensen 9-12                               ]
2022-01-29;4;lör;;;;;;;;;;;;;;;;;;;;;;;;;;;;;;;;;;;;;;;;;;;;;;
2022-01-30;4;sön;;;;;;;;;;;;;;;;;;;;;;;;;;;;;;;;;;;;;;;;;;;;;;
2022-01-31;5;mån;;;;;;;;;;;TF (d);;;;;;;;;;;;;;;;;;;;;;;;;;;;;;;HJ;;MR;;BB[utvecklingssamtal kl 15.30–16                               ]
2022-02-01;5;tis;;;;;;;;;;;;;;;;;;;;;;;;;;;;;;;;;BB;;;bb[dubbelklass                     ];;MH;;;;;TF;;;
2022-02-02;5;ons;;;;;;;;;;;;;;TF[databas tentavakt 9–12                      ];;;;;;;;;;;;;;;;;;;mike;;;mike;;BB;;;;;;MR;;
2022-02-03;5;tor;;;;;;;;;;;;;;BB[examination            ];;;;;;;;;;;;;;;;;;;;;;;;;;;;HJ;TF;;;
2022-02-04;5;fre;;;;;;;;;;;;;;BB[examination            ];;;;;;;;;;;;;;;;;;;;;;;;;;;;;;;;TF[Examensintro Jensen 9–12                      ]
2022-02-05;5;lör;;;;;;;;;;;;;;;;;;;;;;;;;;;;;;;;;;;;;;;;;;;;;;
2022-02-06;5;sön;;;;;;;;;;;;;;;;;;;;;;;;;;;;;;;;;;;;;;;;;;;;;;
2022-02-07;6;mån;;;;;;;;;;;TF (d);;;;;;;;;;;;;;;;;;;;;;;;;;;MH;;;;HJ;BB;MR;;
2022-02-08;6;tis;;;;;;;;;;;;;;;;;;;;;;;;;;;;;;;;;BB - OBS![Workshop i testning!           ];;;bb[dubbelklass                     ];;;;;;;;;;TF[Jensen Projektledare                       ]
2022-02-09;6;ons;;;;;;;;;;;;;;;;;;;;;;;;;;;;;;;;;mike;;;mike;;MH;;;;;;MR;;TF[Jensen Projektledare                       ]
2022-02-10;6;tor;;;;;;;;;;;;;;TF[Linux-repetion            ];;;;;;;;;;;;;;;;;;;BB;;;bb[dubbelklass     ];;;;;;HJ;MH;;;
2022-02-11;6;fre;;;;;;;;;;;;;;TF[tenta 9-12            ];;;;;;;;;;;;;;;;;;;;;;;;BB;;;;;;;;
2022-02-12;6;lör;;;;;;;;;;;;;;;;;;;;;;;;;;;;;;;;;;;;;;;;;;;;;;
2022-02-13;6;sön;;;;;;;;;;;;;;;;;;;;;;;;;;;;;;;;;;;;;;;;;;;;;;
2022-02-14;7;mån;;;;;;;;;;;TF (d);;;;;;;;;;;;;;;;;;;;;;;;;BB;;;;;;HJ;;MR;;
2022-02-15;7;tis;;;;;;;;;;;;;;;;;;;;;;;;;;;;;;;;;BB;;;;;BB + AH;;;;;MH;;;TF[Jensen Projektledare                       ]
2022-02-16;7;ons;;;;;;;;;;;;;;;;;;;;;;;;;;;;;;;;;;;;;;BB;;;;;;MR;;TF[Jensen Projektledare                       ]
2022-02-17;7;tor;;;;;;;;;;;;;;TF;;;;;;;;;;;;;;;;;;;;;;;;AH;;;;HJ;BB;;;
2022-02-18;7;fre;;;;;;;;;;;;;;TF;;;;;;;;;;;;;;;;;;;mike;;;mike;;;;;;;;;;BB[semester          ]
2022-02-19;7;lör;;;;;;;;;;;;;;;;;;;;;;;;;;;;;;;;;;;;;;;;;;;;;;
2022-02-20;7;sön;;;;;;;;;;;;;;;;;;;;;;;;;;;;;;;;;;;;;;;;;;;;;;
2022-02-21;8;mån;;;;;;;;;;;TF (pl);;;;;;;;;;;;;;;;;;;;;;;;;;;;;;;HJ;;MR;;BB[semester          ]
2022-02-22;8;tis;;;;;;;;;;;;;;;;;;;;;;;;;;;;;;;;;;;;;;AH;;;;;BB;;;TF[Jensen Projektledare                       ]
2022-02-23;8;ons;;;;;;;;;;;;;;;;;;;;;;;;;;;;;;;;;;;;;BB;AH;;;;;;MR;;TF[Jensen Projektledare                       ]
2022-02-24;8;tor;;;;;;;;;;;;;;TF;;;;;;;;;;;;;;;;;;;;;;;;BB;;;;HJ;MH;;;
2022-02-25;8;fre;;;;;;;;;;;;;;TF;;;;;;;;;;;;;;;;;;;;;;;BB;;;;;;;;;
2022-02-26;8;lör;;;;;;;;;;;;;;;;;;;;;;;;;;;;;;;;;;;;;;;;;;;;;;
2022-02-27;8;sön;;;;;;;;;;;;;;;;;;;;;;;;;;;;;;;;;;;;;;;;;;;;;;
2022-02-28;9;mån;;;;;;;;;;;TF (d);;;;;;;;;;;;;;;;;;;;;;;;;;BB;;;;;HJ;;MR;;
2022-03-01;9;tis;;;;;;;;;BB;;;;;;;;;;;;;;;;;;;;;;;;;;;;;AH;;;;;BB;;;TF[Jensen Projektledare                       ]
2022-03-02;9;ons;;;;;;;;;;;;;;;;;;;;;;;;;;;;;;;;;;;;;BB;;;;;;;MR;;TF[Jensen Projektledare                       ]
2022-03-03;9;tor;;;;;;;;;BB;;;;;TF;;;;;;;;;;;;;;;;;;;;;;;;AH;;;;HJ;MH;;;
2022-03-04;9;fre;;;;;;;;;BB;;;;;TF;;;;;;;;;;;;;;;;;;;;;;;BB;;;;;;;;;
2022-03-05;9;lör;;;;;;;;;;;;;;;;;;;;;;;;;;;;;;;;;;;;;;;;;;;;;;
2022-03-06;9;sön;;;;;;;;;;;;;;;;;;;;;;;;;;;;;;;;;;;;;;;;;;;;;;
2022-03-07;10;mån;;;;;;;;;;;TF (d);;;;;;;;;;;;;;;;;;;;;;;;;;BB;;;;;;;MR;;
2022-03-08;10;tis;;;;;;;;;BB;;;;;;;;;;;;;;;;;;;;;;;;;;;;;AH;;;;;BB;;;TF[Jensen Projektledare                       ]
2022-03-09;10;ons;;;;;;;;;;;;;;;;;;;;;;;;;;;;;;;;;;;;;BB;;;;;;;MR;;TF[Jensen Projektledare                       ]
2022-03-10;10;tor;;;;;;;;;;;;;;TF;;;;;;;;;;;;;;;;;;;;;;;;AH;;;;;MH;;;
2022-03-11;10;fre;;;;;;;;;BB;;;;;TF;;;;;;;;;;;;;;;;;;;;;;;BB;;;;;;;;;
2022-03-12;10;lör;;;;;;;;;;;;;;;;;;;;;;;;;;;;;;;;;;;;;;;;;;;;;;
2022-03-13;10;sön;;;;;;;;;;;;;;;;;;;;;;;;;;;;;;;;;;;;;;;;;;;;;;
2022-03-14;11;mån;;;;;;;;;BB;;TF (d);;;;;;;;;;;;;;;;;;;;;;;;;;BB;;;;;;;;;
2022-03-15;11;tis;;;;;;;;;;;;;;;;;;;;;;;;;;;;;;;;;;;;;;AH;;;;;BB;;;TF[Jensen Projektledare                       ]
2022-03-16;11;ons;;;;;;;;;BB;;;;;;;;;;;;;;;;;;;;;;;;;;;;BB;;;;;;;;;TF[Jensen Projektledare                       ]
2022-03-17;11;tor;;;;;;;;;;;;;;XX;;;;;;;;;;;;;;;;;;;;;;;;BB + AH;;;;;MH;;;
2022-03-18;11;fre;;;;;;;;;BB;;TF (d);;;XX;;;;;;;;;;;;;;;;;;;;;;;;;;;;;;;;
2022-03-19;11;lör;;;;;;;;;;;;;;;;;;;;;;;;;;;;;;;;;;;;;;;;;;;;;;
2022-03-20;11;sön;;;;;;;;;;;;;;;;;;;;;;;;;;;;;;;;;;;;;;;;;;;;;;
2022-03-21;12;mån;;;;;;;;;;;;;;;;;;;;;;;;;;;;;;;;;;;;;BB;;;;;;;;;
2022-03-22;12;tis;;;;;;;;;BB;;;;;;;;;;;;;;;;;;;;;;;;;;;;;;;;;;BB;;;
2022-03-23;12;ons;;;;;;;;;;;TF (pl);;;;;;;;;;;;;;;;;;;;;;;;;;BB;;;;;;;;;
2022-03-24;12;tor;;;;;;;;;;;;;;XX;;;;;;;;;;;;;;;;;;;;;;;;;;;;;MH;;;
2022-03-25;12;fre;;;;;;;;;BB;;(tenta);;;XX;;;;;;;;;;;;;;;;;;;;;;;BB;;;;;;;;;
2022-03-26;12;lör;;;;;;;;;;;;;;;;;;;;;;;;;;;;;;;;;;;;;;;;;;;;;;
2022-03-27;12;sön;;;;;;;;;;;;;;;;;;;;;;;;;;;;;;;;;;;;;;;;;;;;;;
2022-03-28;13;mån;;;;;;;;;;;;;;;;;;;;;;;;;;;;;;;;;;;;;BB;;;;;;;;;
2022-03-29;13;tis;;;;;;;;;BB;;;;;;;;;;;;;;;;;;;;;;;;;;;;;;;;;;MH;;;
2022-03-30;13;ons;;;;;;;;;BB;;;;;;;;;;;;;;;;;;;;;;;;;;;;BB;;;;;;;;;
2022-03-31;13;tor;;;;;;;;;;;;;;XX;;;;;;;;;;;;;;;;;;;;;;;;;;;;;BB;;;
2022-04-01;13;fre;;;;;;;;;BB;;;;;XX;;;;;;;;;;;;;;;;;;;;;;;;;;;;;;;;
2022-04-02;13;lör;;;;;;;;;;;;;;;;;;;;;;;;;;;;;;;;;;;;;;;;;;;;;;
2022-04-03;13;sön;;;;;;;;;;;;;;;;;;;;;;;;;;;;;;;;;;;;;;;;;;;;;;
2022-04-04;14;mån;;;;;;;;;;;;;;;;;;;;;;;;;;;;;;;;;;;;;BB;;;;;;;;;
2022-04-05;14;tis;;;;;;;;;BB;;;;;;;;;;;;;;;;;;;;;;;;;;;;;;;;;;;;;
2022-04-06;14;ons;;;;;;;;;;;;;;;;;;;;;;;;;;;;;;;;;;;;;BB;;;;;;;;;
2022-04-07;14;tor;;;;;;;;;;;;;;XX;;;;;;;;;;;;;;;;;;;;;;;;;;;;;;;;
2022-04-08;14;fre;;;;;;;;;BB;;;;;XX;;;;;;;;;;;;;;;;;;;;;;;BB;;;;;;;;;
2022-04-09;14;lör;;;;;;;;;;;;;;;;;;;;;;;;;;;;;;;;;;;;;;;;;;;;;;
2022-04-10;14;sön;;;;;;;;;;;;;;;;;;;;;;;;;;;;;;;;;;;;;;;;;;;;;;
2022-04-11;15;mån;;;;;;;;;;;;;;;;;;;;;;;;;;;;;;;;;;;;;BB;;;;;;;;;
2022-04-12;15;tis;;;;;;;;;BB;;;;;;;;;;;;;;;;;;;;;;;;;;;;;;;;;;;;;
2022-04-13;15;ons;;;;;;;;;BB;;;;;XX?;;;;;;;;;;;;;;;;;;;;;;;BB;;;;;;;;;
2022-04-14;15;tor;;;;;;;;;;;;;;XX;;;;;;;;;;;;;;;;;;;;;;;;;;;;;;;;
2022-04-15;15;fre;;;;;;;;;;;;;;;;;;;;;;;;;;;;;;;;;;;;;;;;;;;;;;HELGDAG
2022-04-16;15;lör;;;;;;;;;;;;;;;;;;;;;;;;;;;;;;;;;;;;;;;;;;;;;;
2022-04-17;15;sön;;;;;;;;;;;;;;;;;;;;;;;;;;;;;;;;;;;;;;;;;;;;;;
2022-04-18;16;mån;;;;;;;;;;;;;;;;;;;;;;;;;;;;;;;;;;;;;;;;;;;;;;HELGDAG
2022-04-19;16;tis;;;;;;;;;BB;;;;;;;;;;;;;;;;;;;;;;;;;BB;;;bb[lösning?                               ];;;;;;;;;
2022-04-20;16;ons;;;;;;;;;BB;;;;;;;;;;;;;;;;;;;;;;;;;;;;BB;;;;;;;;;
2022-04-21;16;tor;;;;;;;;;;;;;;XX;;;;;;;;;;;;;;;;;;;;;;;BB;;;;;;;;;
2022-04-22;16;fre;;;;;;;;;BB;;;;;XX;;;;;;;;;;;;;;;;;;;;BB;;;;;;;;;;;;
2022-04-23;16;lör;;;;;;;;;;;;;;;;;;;;;;;;;;;;;;;;;;;;;;;;;;;;;;
2022-04-24;16;sön;;;;;;;;;;;;;;;;;;;;;;;;;;;;;;;;;;;;;;;;;;;;;;
2022-04-25;17;mån;;;;;;;;;;;;;;;;;;;;;;;;;;;;;;;;;;;;;BB;;;;;;;;;
2022-04-26;17;tis;;;;;;;;;BB;;;;;;;;;;;;;;;;;;;;;;;;;BB;;;;;;;;;;;;
2022-04-27;17;ons;;;;;;;;;BB;;;;;;;;;;;;;;;;;;;;;;;;;BB;;;;;;;;;;;;
2022-04-28;17;tor;;;;;;;;;;;;;;XX;;;;;;;;;;;;;;;;;;;;;;;BB;;;;;;;;;
2022-04-29;17;fre;;;;;;;;;BB;;;;;XX;;;;;;;;;;;;;;;;;;;;BB;;;;;;;;;;;;
2022-04-30;17;lör;;;;;;;;;;;;;;;;;;;;;;;;;;;;;;;;;;;;;;;;;;;;;;
2022-05-01;17;sön;;;;;;;;;;;;;;;;;;;;;;;;;;;;;;;;;;;;;;;;;;;;;;
2022-05-02;18;mån;;;;;;;;;;;;;;;;;;;;;;;;;;;;;;;;;;;;;BB;;;;;;;;;
2022-05-03;18;tis;;;;;;;;;BB;;;;;;;;;;;;;;;;;;;;;;;;;BB;;;;;;;;;;;;
2022-05-04;18;ons;;;;;;;;;;;;;;;;;;;;;;;;;;;;;;;;;;;;;BB;;;;;;;;;
2022-05-05;18;tor;;;;;;;;;;;;;;XX;;;;;;;;;;;;;;;;;;;;;;;MR;;;;;;;;;
2022-05-06;18;fre;;;;;;;;;BB;;;;;XX;;;;;;;;;;;;;;;;;;;;MR;;;;;;;;;;;;
2022-05-07;18;lör;;;;;;;;;;;;;;;;;;;;;;;;;;;;;;;;;;;;;;;;;;;;;;
2022-05-08;18;sön;;;;;;;;;;;;;;;;;;;;;;;;;;;;;;;;;;;;;;;;;;;;;;
2022-05-09;19;mån;;;;;;;;;;;;;;;;;;;;;;;;;;;;;;;;;;;;;BB;;;;;;;Examenskurs[9 maj–3 juni                               ];;
2022-05-10;19;tis;;;;;;;;;BB;;;;;;;;;;;;;;;;;;;;;;;;;BB;;;;;;;;;;;;
2022-05-11;19;ons;;;;;;;;;BB;;;;;;;;;;;;;;;;;;;;;;;;;BB;;;;;;;;;;;;
2022-05-12;19;tor;;;;;;;;;;;;;;XX;;;;;;;;;;;;;;;;;;;;;;;MR;;;;;;;;;
2022-05-13;19;fre;;;;;;;;;BB;;;;;XX;;;;;;;;;;;;;;;;;;;;MR;;;;;;;;;;;;
2022-05-14;19;lör;;;;;;;;;;;;;;;;;;;;;;;;;;;;;;;;;;;;;;;;;;;;;;
2022-05-15;19;sön;;;;;;;;;;;;;;;;;;;;;;;;;;;;;;;;;;;;;;;;;;;;;;
2022-05-16;20;mån;;;;;;;;;;;;;;;;;;;;;;;;;;;;;;;;;;;;;BB;;;;;;;;;
2022-05-17;20;tis;;;;;;;;;BB;;;;;;;;;;;;;;;;;;;;;;;;;BB;;;;;;;;;;;;
2022-05-18;20;ons;;;;;;;;;;;;;;;;;;;;;;;;;;;;;;;;;;;;;BB;;;;;;;;;
2022-05-19;20;tor;;;;;;;;;;;;;;XX;;;;;;;;;;;;;;;;;;;;;;;MR;;;;;;;;;
2022-05-20;20;fre;;;;;;;;;BB;;;;;XX;;;;;;;;;;;;;;;;;;;;MR;;;;;;;;;;;;
2022-05-21;20;lör;;;;;;;;;;;;;;;;;;;;;;;;;;;;;;;;;;;;;;;;;;;;;;
2022-05-22;20;sön;;;;;;;;;;;;;;;;;;;;;;;;;;;;;;;;;;;;;;;;;;;;;;
2022-05-23;21;mån;;;;;;;;;;;;;;;;;;;;;;;;;;;;;;;;;;;;;BB;;;;;;;;;
2022-05-24;21;tis;;;;;;;;;BB;;;;;;;;;;;;;;;;;;;;;;;;;BB;;;;;;;;;;;;
2022-05-25;21;ons;;;;;;;;;BB;;;;;;;;;;;;;;;;;;;;;;;;;BB;;;;;;;;;;;;
2022-05-26;21;tor;;;;;;;;;;;;;;XX;;;;;;;;;;;;;;;;;;;;;;;MR;;;;;;;;;
2022-05-27;21;fre;;;;;;;;;BB;;;;;XX;;;;;;;;;;;;;;;;;;;;MR;;;;;;;;;;;;
2022-05-28;21;lör;;;;;;;;;;;;;;;;;;;;;;;;;;;;;;;;;;;;;;;;;;;;;;
2022-05-29;21;sön;;;;;;;;;;;;;;;;;;;;;;;;;;;;;;;;;;;;;;;;;;;;;;
2022-05-30;22;mån;;;;;;;;;;;;;;;;;;;;;;;;;;;;;;;;;;;;;BB;;;;;;;;;BB+TF till Sthml[Jensen Examenstjofräs                      ]
2022-05-31;22;tis;;;;;;;;;BB;;;;;;;;;;;;;;;;;;;;;;;;;BB;;;;;;;;;;;;BB+TF till Sthml[Jensen Examenstjofräs                      ]
2022-06-01;22;ons;;;;;;;;;;;;;;;;;;;;;;;;;;;;;;;;;;;;;BB;;;;;;;;;
2022-06-02;22;tor;;;;;;;;;;;;;;XX;;;;;;;;;;;;;;;;;;;;;;;MR;;;;;;;;;
2022-06-03;22;fre;;;;;;;;;BB;;;;;XX;;;;;;;;;;;;;;;;;;;;MR;;;;;;;;;;;;BB, TF[Examensfirande med Java20 Lund                        ]
2022-06-04;22;lör;;;;;;;;;;;;;;;;;;;;;;;;;;;;;;;;;;;;;;;;;;;;;;
2022-06-05;22;sön;;;;;;;;;;;;;;;;;;;;;;;;;;;;;;;;;;;;;;;;;;;;;;
2022-06-06;23;mån;;;;;;;;;;;;;;;;;;;;;;;;;;;;;;;;;;;;;MR;;;;;;;;;
2022-06-07;23;tis;;;;;;;;;;;;;;;;;;;;;;;;;;;;;;;;;;MR;;;;;;;;;;;;
2022-06-08;23;ons;;;;;;;;;;;;;;;;;;;;;;;;;;;;;;;;;;BB;;;;;;;;;;;;
2022-06-09;23;tor;;;;;;;;;;;;;;XX;;;;;;;;;;;;;;;;;;;;;;;BB;;;;;;;;;
2022-06-10;23;fre;;;;;;;;;;;;;;XX;;;;;;;;;;;;;;;;;;;;BB;;;;;;;;;;;;
2022-06-11;23;lör;;;;;;;;;;;;;;;;;;;;;;;;;;;;;;;;;;;;;;;;;;;;;;
2022-06-12;23;sön;;;;;;;;;;;;;;;;;;;;;;;;;;;;;;;;;;;;;;;;;;;;;;
2022-06-13;24;mån;;;;;;;;;;;;;;;;;;;;;;;;;;;;;;;;;;;;;;;;;;;;;;
2022-06-14;24;tis;;;;;;;;;;;;;;;;;;;;;;;;;;;;;;;;;;;;;;;;;;;;;;
2022-06-15;24;ons;;;;;;;;;;;;;;;;;;;;;;;;;;;;;;;;;;;;;;;;;;;;;;
2022-06-16;24;tor;;;;;;;;;;;;;;XX;;;;;;;;;;;;;;;;;;;;;;;;;;;;;;;;
2022-06-17;24;fre;;;;;;;;;;;;;;XX;;;;;;;;;;;;;;;;;;;;;;;;;;;;;;;;
2022-06-18;24;lör;;;;;;;;;;;;;;;;;;;;;;;;;;;;;;;;;;;;;;;;;;;;;;
2022-06-19;24;sön;;;;;;;;;;;;;;;;;;;;;;;;;;;;;;;;;;;;;;;;;;;;;;
2022-06-20;25;mån;;;;;;;;;;;;;;;;;;;;;;;;;;;;;;;;;;;;;;;;;;;;;;
2022-06-21;25;tis;;;;;;;;;;;;;;;;;;;;;;;;;;;;;;;;;;;;;;;;;;;;;;
2022-06-22;25;ons;;;;;;;;;;;;;;;;;;;;;;;;;;;;;;;;;;;;;;;;;;;;;;
2022-06-23;25;tor;;;;;;;;;;;;;;XX;;;;;;;;;;;;;;;;;;;;;;;;;;;;;;;;
2022-06-24;25;fre;;;;;;;;;;;;;;XX;;;;;;;;;;;;;;;;;;;;;;;;;;;;;;;;
2022-06-25;25;lör;;;;;;;;;;;;;;;;;;;;;;;;;;;;;;;;;;;;;;;;;;;;;;
2022-06-26;25;sön;;;;;;;;;;;;;;;;;;;;;;;;;;;;;;;;;;;;;;;;;;;;;;
2022-06-27;26;mån;;;;;;;;;;;;;;;;;;;;;;;;;;;;;;;;;;;;;;;;;;;;;;
2022-06-28;26;tis;;;;;;;;;;;;;;;;;;;;;;;;;;;;;;;;;;;;;;;;;;;;;;
2022-06-29;26;ons;;;;;;;;;;;;;;;;;;;;;;;;;;;;;;;;;;;;;;;;;;;;;;
2022-06-30;26;tor;;;;;;;;;;;;;;;;;;;;;;;;;;;;;;;;;;;;;;;;;;;;;;
2022-07-01;26;fre;;;;;;;;;;;;;;;;;;;;;;;;;;;;;;;;;;;;;;;;;;;;;;
2022-07-02;26;lör;;;;;;;;;;;;;;;;;;;;;;;;;;;;;;;;;;;;;;;;;;;;;;
2022-07-03;26;sön;;;;;;;;;;;;;;;;;;;;;;;;;;;;;;;;;;;;;;;;;;;;;;
2022-07-04;27;mån;;;;;;;;;;;;;;;;;;;;;;;;;;;;;;;;;;;;;;;;;;;;;;
2022-07-05;27;tis;;;;;;;;;;;;;;;;;;;;;;;;;;;;;;;;;;;;;;;;;;;;;;
2022-07-06;27;ons;;;;;;;;;;;;;;;;;;;;;;;;;;;;;;;;;;;;;;;;;;;;;;
2022-07-07;27;tor;;;;;;;;;;;;;;;;;;;;;;;;;;;;;;;;;;;;;;;;;;;;;;
2022-07-08;27;fre;;;;;;;;;;;;;;;;;;;;;;;;;;;;;;;;;;;;;;;;;;;;;;
2022-07-09;27;lör;;;;;;;;;;;;;;;;;;;;;;;;;;;;;;;;;;;;;;;;;;;;;;
2022-07-10;27;sön;;;;;;;;;;;;;;;;;;;;;;;;;;;;;;;;;;;;;;;;;;;;;;
2022-07-11;28;mån;;;;;;;;;;;;;;;;;;;;;;;;;;;;;;;;;;;;;;;;;;;;;;
2022-07-12;28;tis;;;;;;;;;;;;;;;;;;;;;;;;;;;;;;;;;;;;;;;;;;;;;;
2022-07-13;28;ons;;;;;;;;;;;;;;;;;;;;;;;;;;;;;;;;;;;;;;;;;;;;;;
2022-07-14;28;tor;;;;;;;;;;;;;;;;;;;;;;;;;;;;;;;;;;;;;;;;;;;;;;
2022-07-15;28;fre;;;;;;;;;;;;;;;;;;;;;;;;;;;;;;;;;;;;;;;;;;;;;;
2022-07-16;28;lör;;;;;;;;;;;;;;;;;;;;;;;;;;;;;;;;;;;;;;;;;;;;;;
2022-07-17;28;sön;;;;;;;;;;;;;;;;;;;;;;;;;;;;;;;;;;;;;;;;;;;;;;
2022-07-18;29;mån;;;;;;;;;;;;;;;;;;;;;;;;;;;;;;;;;;;;;;;;;;;;;;
2022-07-19;29;tis;;;;;;;;;;;;;;;;;;;;;;;;;;;;;;;;;;;;;;;;;;;;;;
2022-07-20;29;ons;;;;;;;;;;;;;;;;;;;;;;;;;;;;;;;;;;;;;;;;;;;;;;
2022-07-21;29;tor;;;;;;;;;;;;;;;;;;;;;;;;;;;;;;;;;;;;;;;;;;;;;;
2022-07-22;29;fre;;;;;;;;;;;;;;;;;;;;;;;;;;;;;;;;;;;;;;;;;;;;;;
2022-07-23;29;lör;;;;;;;;;;;;;;;;;;;;;;;;;;;;;;;;;;;;;;;;;;;;;;
2022-07-24;29;sön;;;;;;;;;;;;;;;;;;;;;;;;;;;;;;;;;;;;;;;;;;;;;;
2022-07-25;30;mån;;;;;;;;;;;;;;;;;;;;;;;;;;;;;;;;;;;;;;;;;;;;;;
2022-07-26;30;tis;;;;;;;;;;;;;;;;;;;;;;;;;;;;;;;;;;;;;;;;;;;;;;
2022-07-27;30;ons;;;;;;;;;;;;;;;;;;;;;;;;;;;;;;;;;;;;;;;;;;;;;;
2022-07-28;30;tor;;;;;;;;;;;;;;;;;;;;;;;;;;;;;;;;;;;;;;;;;;;;;;
2022-07-29;30;fre;;;;;;;;;;;;;;;;;;;;;;;;;;;;;;;;;;;;;;;;;;;;;;
2022-07-30;30;lör;;;;;;;;;;;;;;;;;;;;;;;;;;;;;;;;;;;;;;;;;;;;;;
2022-07-31;30;sön;;;;;;;;;;;;;;;;;;;;;;;;;;;;;;;;;;;;;;;;;;;;;;
2022-08-01;31;mån;;;;;;;;;;;;;;;;;;;;;;;;;;;;;;;;;;;;;;;;;;;;;;
2022-08-02;31;tis;;;;;;;;;;;;;;;;;;;;;;;;;;;;;;;;;;;;;;;;;;;;;;
2022-08-03;31;ons;;;;;;;;;;;;;;;;;;;;;;;;;;;;;;;;;;;;;;;;;;;;;;
2022-08-04;31;tor;;;;;;;;;;;;;;;;;;;;;;;;;;;;;;;;;;;;;;;;;;;;;;
2022-08-05;31;fre;;;;;;;;;;;;;;;;;;;;;;;;;;;;;;;;;;;;;;;;;;;;;;
2022-08-06;31;lör;;;;;;;;;;;;;;;;;;;;;;;;;;;;;;;;;;;;;;;;;;;;;;
2022-08-07;31;sön;;;;;;;;;;;;;;;;;;;;;;;;;;;;;;;;;;;;;;;;;;;;;;
2022-08-08;32;mån;;;;;;;;;;;;;;;;;;;;;;;;;;;;;;;;;;;;;;;;;;;;;;
2022-08-09;32;tis;;;;;;;;;;;;;;;;;;;;;;;;;;;;;;;;;;;;;;;;;;;;;;
2022-08-10;32;ons;;;;;;;;;;;;;;;;;;;;;;;;;;;;;;;;;;;;;;;;;;;;;;
2022-08-11;32;tor;;;;;;;;;;;;;;;;;;;;;;;;;;;;;;;;;;;;;;;;;;;;;;
2022-08-12;32;fre;;;;;;;;;;;;;;;;;;;;;;;;;;;;;;;;;;;;;;;;;;;;;;
2022-08-13;32;lör;;;;;;;;;;;;;;;;;;;;;;;;;;;;;;;;;;;;;;;;;;;;;;
2022-08-14;32;sön;;;;;;;;;;;;;;;;;;;;;;;;;;;;;;;;;;;;;;;;;;;;;;
2022-08-15;33;mån;;;;;;;;;;;;;;;;;;;;;;;;;;;;;;;;;;;;;;;;;;;;;;
2022-08-16;33;tis;;;;;;;;;;;;;;;;;;;;;;;;;;;;;;;;;;;;;;;;;;;;;;
2022-08-17;33;ons;;;;;;;;;;;;;;;;;;;;;;;;;;;;;;;;;;;;;;;;;;;;;;
2022-08-18;33;tor;;;;;;;;;;;;;;;;;;;;;;;;;;;;;;;;;;;;;;;;;;;;;;
2022-08-19;33;fre;;;;;;;;;;;;;;;;;;;;;;;;;;;;;;;;;;;;;;;;;;;;;;
2022-08-20;33;lör;;;;;;;;;;;;;;;;;;;;;;;;;;;;;;;;;;;;;;;;;;;;;;
2022-08-21;33;sön;;;;;;;;;;;;;;;;;;;;;;;;;;;;;;;;;;;;;;;;;;;;;;
2022-08-22;34;mån;;;;;;;;;;;;;;;;;;;;;;;;;;;;;;;;;;;;;;;;;;;;;;
2022-08-23;34;tis;;;;;;;;;;;;;;;;;;;;;;;;;;;;;;;;;;;;;;;;;;;;;;
2022-08-24;34;ons;;;;;;;;;;;;;;;;;;;;;;;;;;;;;;;;;;;;;;;;;;;;;;
2022-08-25;34;tor;;;;;;;;;;;;;;;;;;;;;;;;;;;;;;;;;;;;;;;;;;;;;;
2022-08-26;34;fre;;;;;;;;;;;;;;;;;;;;;;;;;;;;;;;;;;;;;;;;;;;;;;
2022-08-27;34;lör;;;;;;;;;;;;;;;;;;;;;;;;;;;;;;;;;;;;;;;;;;;;;;
2022-08-28;34;sön;;;;;;;;;;;;;;;;;;;;;;;;;;;;;;;;;;;;;;;;;;;;;;
2022-08-29;35;mån;;;;;;;;;;;;;;;;;;;;;;;;;;;;;;;;;;;;;;;;;;;;;;
2022-08-30;35;tis;;;;;;;;;;;;;;;;;;;;;;;;;;;;;;;;;;;;;;;;;;;;;;
2022-08-31;35;ons;;;;;;;;;;;;;;;;;;;;;;;;;;;;;;;;;;;;;;;;;;;;;;
2022-09-01;35;tor;;;;;;;;;;;;;;;;;;;;;;;;;;;;;;;;;;;;;;;;;;;;;;
2022-09-02;35;fre;;;;;;;;;;;;;;;;;;;;;;;;;;;;;;;;;;;;;;;;;;;;;;
2022-09-03;35;lör;;;;;;;;;;;;;;;;;;;;;;;;;;;;;;;;;;;;;;;;;;;;;;
2022-09-04;35;sön;;;;;;;;;;;;;;;;;;;;;;;;;;;;;;;;;;;;;;;;;;;;;;
2022-09-05;36;mån;;;;;;;;;;;;;;;;;;;;;;;;;;;;;;;;;;;;;;;;;;;;;;
2022-09-06;36;tis;;;;;;;;;;;;;;;;;;;;;;;;;;;;;;;;;;;;;;;;;;;;;;
2022-09-07;36;ons;;;;;;;;;;;;;;;;;;;;;;;;;;;;;;;;;;;;;;;;;;;;;;
2022-09-08;36;tor;;;;;;;;;;;;;;;;;;;;;;;;;;;;;;;;;;;;;;;;;;;;;;
2022-09-09;36;fre;;;;;;;;;;;;;;;;;;;;;;;;;;;;;;;;;;;;;;;;;;;;;;
2022-09-10;36;lör;;;;;;;;;;;;;;;;;;;;;;;;;;;;;;;;;;;;;;;;;;;;;;
2022-09-11;36;sön;;;;;;;;;;;;;;;;;;;;;;;;;;;;;;;;;;;;;;;;;;;;;;
2022-09-12;37;mån;;;;;;;;;;;;;;;;;;;;;;;;;;;;;;;;;;;;;;;;;;;;;;
2022-09-13;37;tis;;;;;;;;;;;;;;;;;;;;;;;;;;;;;;;;;;;;;;;;;;;;;;
2022-09-14;37;ons;;;;;;;;;;;;;;;;;;;;;;;;;;;;;;;;;;;;;;;;;;;;;;
2022-09-15;37;tor;;;;;;;;;;;;;;;;;;;;;;;;;;;;;;;;;;;;;;;;;;;;;;
2022-09-16;37;fre;;;;;;;;;;;;;;;;;;;;;;;;;;;;;;;;;;;;;;;;;;;;;;
2022-09-17;37;lör;;;;;;;;;;;;;;;;;;;;;;;;;;;;;;;;;;;;;;;;;;;;;;
2022-09-18;37;sön;;;;;;;;;;;;;;;;;;;;;;;;;;;;;;;;;;;;;;;;;;;;;;
2022-09-19;38;mån;;;;;;;;;;;;;;;;;;;;;;;;;;;;;;;;;;;;;;;;;;;;;;
2022-09-20;38;tis;;;;;;;;;;;;;;;;;;;;;;;;;;;;;;;;;;;;;;;;;;;;;;
2022-09-21;38;ons;;;;;;;;;;;;;;;;;;;;;;;;;;;;;;;;;;;;;;;;;;;;;;
2022-09-22;38;tor;;;;;;;;;;;;;;;;;;;;;;;;;;;;;;;;;;;;;;;;;;;;;;
2022-09-23;38;fre;;;;;;;;;;;;;;;;;;;;;;;;;;;;;;;;;;;;;;;;;;;;;;
2022-09-24;38;lör;;;;;;;;;;;;;;;;;;;;;;;;;;;;;;;;;;;;;;;;;;;;;;
2022-09-25;38;sön;;;;;;;;;;;;;;;;;;;;;;;;;;;;;;;;;;;;;;;;;;;;;;
2022-09-26;39;mån;;;;;;;;;;;;;;;;;;;;;;;;;;;;;;;;;;;;;;;;;;;;;;
2022-09-27;39;tis;;;;;;;;;;;;;;;;;;;;;;;;;;;;;;;;;;;;;;;;;;;;;;
2022-09-28;39;ons;;;;;;;;;;;;;;;;;;;;;;;;;;;;;;;;;;;;;;;;;;;;;;
2022-09-29;39;tor;;;;;;;;;;;;;;;;;;;;;;;;;;;;;;;;;;;;;;;;;;;;;;
2022-09-30;39;fre;;;;;;;;;;;;;;;;;;;;;;;;;;;;;;;;;;;;;;;;;;;;;;
2022-10-01;39;lör;;;;;;;;;;;;;;;;;;;;;;;;;;;;;;;;;;;;;;;;;;;;;;
2022-10-02;39;sön;;;;;;;;;;;;;;;;;;;;;;;;;;;;;;;;;;;;;;;;;;;;;;
2022-10-03;40;mån;;;;;;;;;;;;;;;;;;;;;;;;;;;;;;;;;;;;;;;;;;;;;;
2022-10-04;40;tis;;;;;;;;;;;;;;;;;;;;;;;;;;;;;;;;;;;;;;;;;;;;;;
2022-10-05;40;ons;;;;;;;;;;;;;;;;;;;;;;;;;;;;;;;;;;;;;;;;;;;;;;
2022-10-06;40;tor;;;;;;;;;;;;;;;;;;;;;;;;;;;;;;;;;;;;;;;;;;;;;;
2022-10-07;40;fre;;;;;;;;;;;;;;;;;;;;;;;;;;;;;;;;;;;;;;;;;;;;;;
2022-10-08;40;lör;;;;;;;;;;;;;;;;;;;;;;;;;;;;;;;;;;;;;;;;;;;;;;
2022-10-09;40;sön;;;;;;;;;;;;;;;;;;;;;;;;;;;;;;;;;;;;;;;;;;;;;;
2022-10-10;41;mån;;;;;;;;;;;;;;;;;;;;;;;;;;;;;;;;;;;;;;;;;;;;;;
2022-10-11;41;tis;;;;;;;;;;;;;;;;;;;;;;;;;;;;;;;;;;;;;;;;;;;;;;
2022-10-12;41;ons;;;;;;;;;;;;;;;;;;;;;;;;;;;;;;;;;;;;;;;;;;;;;;
2022-10-13;41;tor;;;;;;;;;;;;;;;;;;;;;;;;;;;;;;;;;;;;;;;;;;;;;;
2022-10-14;41;fre;;;;;;;;;;;;;;;;;;;;;;;;;;;;;;;;;;;;;;;;;;;;;;
2022-10-15;41;lör;;;;;;;;;;;;;;;;;;;;;;;;;;;;;;;;;;;;;;;;;;;;;;
2022-10-16;41;sön;;;;;;;;;;;;;;;;;;;;;;;;;;;;;;;;;;;;;;;;;;;;;;
2022-10-17;42;mån;;;;;;;;;;;;;;;;;;;;;;;;;;;;;;;;;;;;;;;;;;;;;;
2022-10-18;42;tis;;;;;;;;;;;;;;;;;;;;;;;;;;;;;;;;;;;;;;;;;;;;;;
2022-10-19;42;ons;;;;;;;;;;;;;;;;;;;;;;;;;;;;;;;;;;;;;;;;;;;;;;
2022-10-20;42;tor;;;;;;;;;;;;;;;;;;;;;;;;;;;;;;;;;;;;;;;;;;;;;;
2022-10-21;42;fre;;;;;;;;;;;;;;;;;;;;;;;;;;;;;;;;;;;;;;;;;;;;;;
2022-10-22;42;lör;;;;;;;;;;;;;;;;;;;;;;;;;;;;;;;;;;;;;;;;;;;;;;
2022-10-23;42;sön;;;;;;;;;;;;;;;;;;;;;;;;;;;;;;;;;;;;;;;;;;;;;;
2022-10-24;43;mån;;;;;;;;;;;;;;;;;;;;;;;;;;;;;;;;;;;;;;;;;;;;;;
2022-10-25;43;tis;;;;;;;;;;;;;;;;;;;;;;;;;;;;;;;;;;;;;;;;;;;;;;
2022-10-26;43;ons;;;;;;;;;;;;;;;;;;;;;;;;;;;;;;;;;;;;;;;;;;;;;;
2022-10-27;43;tor;;;;;;;;;;;;;;;;;;;;;;;;;;;;;;;;;;;;;;;;;;;;;;
2022-10-28;43;fre;;;;;;;;;;;;;;;;;;;;;;;;;;;;;;;;;;;;;;;;;;;;;;
2022-10-29;43;lör;;;;;;;;;;;;;;;;;;;;;;;;;;;;;;;;;;;;;;;;;;;;;;
2022-10-30;43;sön;;;;;;;;;;;;;;;;;;;;;;;;;;;;;;;;;;;;;;;;;;;;;;
2022-10-31;44;mån;;;;;;;;;;;;;;;;;;;;;;;;;;;;;;;;;;;;;;;;;;;;;;
2022-11-01;44;tis;;;;;;;;;;;;;;;;;;;;;;;;;;;;;;;;;;;;;;;;;;;;;;
2022-11-02;44;ons;;;;;;;;;;;;;;;;;;;;;;;;;;;;;;;;;;;;;;;;;;;;;;
2022-11-03;44;tor;;;;;;;;;;;;;;;;;;;;;;;;;;;;;;;;;;;;;;;;;;;;;;
2022-11-04;44;fre;;;;;;;;;;;;;;;;;;;;;;;;;;;;;;;;;;;;;;;;;;;;;;
2022-11-05;44;lör;;;;;;;;;;;;;;;;;;;;;;;;;;;;;;;;;;;;;;;;;;;;;;
2022-11-06;44;sön;;;;;;;;;;;;;;;;;;;;;;;;;;;;;;;;;;;;;;;;;;;;;;
2022-11-07;45;mån;;;;;;;;;;;;;;;;;;;;;;;;;;;;;;;;;;;;;;;;;;;;;;
2022-11-08;45;tis;;;;;;;;;;;;;;;;;;;;;;;;;;;;;;;;;;;;;;;;;;;;;;
2022-11-09;45;ons;;;;;;;;;;;;;;;;;;;;;;;;;;;;;;;;;;;;;;;;;;;;;;
2022-11-10;45;tor;;;;;;;;;;;;;;;;;;;;;;;;;;;;;;;;;;;;;;;;;;;;;;
2022-11-11;45;fre;;;;;;;;;;;;;;;;;;;;;;;;;;;;;;;;;;;;;;;;;;;;;;
2022-11-12;45;lör;;;;;;;;;;;;;;;;;;;;;;;;;;;;;;;;;;;;;;;;;;;;;;
2022-11-13;45;sön;;;;;;;;;;;;;;;;;;;;;;;;;;;;;;;;;;;;;;;;;;;;;;
2022-11-14;46;mån;;;;;;;;;;;;;;;;;;;;;;;;;;;;;;;;;;;;;;;;;;;;;;
2022-11-15;46;tis;;;;;;;;;;;;;;;;;;;;;;;;;;;;;;;;;;;;;;;;;;;;;;
2022-11-16;46;ons;;;;;;;;;;;;;;;;;;;;;;;;;;;;;;;;;;;;;;;;;;;;;;
2022-11-17;46;tor;;;;;;;;;;;;;;;;;;;;;;;;;;;;;;;;;;;;;;;;;;;;;;
2022-11-18;46;fre;;;;;;;;;;;;;;;;;;;;;;;;;;;;;;;;;;;;;;;;;;;;;;
2022-11-19;46;lör;;;;;;;;;;;;;;;;;;;;;;;;;;;;;;;;;;;;;;;;;;;;;;
2022-11-20;46;sön;;;;;;;;;;;;;;;;;;;;;;;;;;;;;;;;;;;;;;;;;;;;;;
2022-11-21;47;mån;;;;;;;;;;;;;;;;;;;;;;;;;;;;;;;;;;;;;;;;;;;;;;
2022-11-22;47;tis;;;;;;;;;;;;;;;;;;;;;;;;;;;;;;;;;;;;;;;;;;;;;;
2022-11-23;47;ons;;;;;;;;;;;;;;;;;;;;;;;;;;;;;;;;;;;;;;;;;;;;;;
2022-11-24;47;tor;;;;;;;;;;;;;;;;;;;;;;;;;;;;;;;;;;;;;;;;;;;;;;
2022-11-25;47;fre;;;;;;;;;;;;;;;;;;;;;;;;;;;;;;;;;;;;;;;;;;;;;;
2022-11-26;47;lör;;;;;;;;;;;;;;;;;;;;;;;;;;;;;;;;;;;;;;;;;;;;;;
2022-11-27;47;sön;;;;;;;;;;;;;;;;;;;;;;;;;;;;;;;;;;;;;;;;;;;;;;
2022-11-28;48;mån;;;;;;;;;;;;;;;;;;;;;;;;;;;;;;;;;;;;;;;;;;;;;;
2022-11-29;48;tis;;;;;;;;;;;;;;;;;;;;;;;;;;;;;;;;;;;;;;;;;;;;;;
2022-11-30;48;ons;;;;;;;;;;;;;;;;;;;;;;;;;;;;;;;;;;;;;;;;;;;;;;
2022-12-01;48;tor;;;;;;;;;;;;;;;;;;;;;;;;;;;;;;;;;;;;;;;;;;;;;;
2022-12-02;48;fre;;;;;;;;;;;;;;;;;;;;;;;;;;;;;;;;;;;;;;;;;;;;;;
2022-12-03;48;lör;;;;;;;;;;;;;;;;;;;;;;;;;;;;;;;;;;;;;;;;;;;;;;
2022-12-04;48;sön;;;;;;;;;;;;;;;;;;;;;;;;;;;;;;;;;;;;;;;;;;;;;;
2022-12-05;49;mån;;;;;;;;;;;;;;;;;;;;;;;;;;;;;;;;;;;;;;;;;;;;;;
2022-12-06;49;tis;;;;;;;;;;;;;;;;;;;;;;;;;;;;;;;;;;;;;;;;;;;;;;
2022-12-07;49;ons;;;;;;;;;;;;;;;;;;;;;;;;;;;;;;;;;;;;;;;;;;;;;;
2022-12-08;49;tor;;;;;;;;;;;;;;;;;;;;;;;;;;;;;;;;;;;;;;;;;;;;;;
2022-12-09;49;fre;;;;;;;;;;;;;;;;;;;;;;;;;;;;;;;;;;;;;;;;;;;;;;
2022-12-10;49;lör;;;;;;;;;;;;;;;;;;;;;;;;;;;;;;;;;;;;;;;;;;;;;;
2022-12-11;49;sön;;;;;;;;;;;;;;;;;;;;;;;;;;;;;;;;;;;;;;;;;;;;;;
2022-12-12;50;mån;;;;;;;;;;;;;;;;;;;;;;;;;;;;;;;;;;;;;;;;;;;;;;
2022-12-13;50;tis;;;;;;;;;;;;;;;;;;;;;;;;;;;;;;;;;;;;;;;;;;;;;;
2022-12-14;50;ons;;;;;;;;;;;;;;;;;;;;;;;;;;;;;;;;;;;;;;;;;;;;;;
2022-12-15;50;tor;;;;;;;;;;;;;;;;;;;;;;;;;;;;;;;;;;;;;;;;;;;;;;
2022-12-16;50;fre;;;;;;;;;;;;;;;;;;;;;;;;;;;;;;;;;;;;;;;;;;;;;;
2022-12-17;50;lör;;;;;;;;;;;;;;;;;;;;;;;;;;;;;;;;;;;;;;;;;;;;;;
2022-12-18;50;sön;;;;;;;;;;;;;;;;;;;;;;;;;;;;;;;;;;;;;;;;;;;;;;
2022-12-19;51;mån;;;;;;;;;;;;;;;;;;;;;;;;;;;;;;;;;;;;;;;;;;;;;;
2022-12-20;51;tis;;;;;;;;;;;;;;;;;;;;;;;;;;;;;;;;;;;;;;;;;;;;;;
2022-12-21;51;ons;;;;;;;;;;;;;;;;;;;;;;;;;;;;;;;;;;;;;;;;;;;;;;
2022-12-22;51;tor;;;;;;;;;;;;;;;;;;;;;;;;;;;;;;;;;;;;;;;;;;;;;;
2022-12-23;51;fre;;;;;;;;;;;;;;;;;;;;;;;;;;;;;;;;;;;;;;;;;;;;;;
2022-12-24;51;lör;;;;;;;;;;;;;;;;;;;;;;;;;;;;;;;;;;;;;;;;;;;;;;
2022-12-25;51;sön;;;;;;;;;;;;;;;;;;;;;;;;;;;;;;;;;;;;;;;;;;;;;;
2022-12-26;52;mån;;;;;;;;;;;;;;;;;;;;;;;;;;;;;;;;;;;;;;;;;;;;;;
2022-12-27;52;tis;;;;;;;;;;;;;;;;;;;;;;;;;;;;;;;;;;;;;;;;;;;;;;
2022-12-28;52;ons;;;;;;;;;;;;;;;;;;;;;;;;;;;;;;;;;;;;;;;;;;;;;;
2022-12-29;52;tor;;;;;;;;;;;;;;;;;;;;;;;;;;;;;;;;;;;;;;;;;;;;;;
2022-12-30;52;fre;;;;;;;;;;;;;;;;;;;;;;;;;;;;;;;;;;;;;;;;;;;;;;
2022-12-31;52;lör;;;;;;;;;;;;;;;;;;;;;;;;;;;;;;;;;;;;;;;;;;;;;;